inventory_id,store_id,store_name,city,product_id,product_name,category,stock_on_hand,reorder_level,stock_status,inventory_value
1,1,Maven Toys Guadalajara 1,Guadalajara,1,Action Figure,Toys,27,10,NORMAL,431.73
2,1,Maven Toys Guadalajara 1,Guadalajara,2,Animal Figures,Toys,0,10,OUT OF STOCK,0
3,1,Maven Toys Guadalajara 1,Guadalajara,3,Barrel O' Slime,Art & Crafts,32,10,NORMAL,127.68
4,1,Maven Toys Guadalajara 1,Guadalajara,4,Chutes & Ladders,Games,6,10,LOW STOCK,77.94
5,1,Maven Toys Guadalajara 1,Guadalajara,5,Classic Dominoes,Games,0,10,OUT OF STOCK,0
6,1,Maven Toys Guadalajara 1,Guadalajara,6,Colorbuds,Electronics,79,10,NORMAL,1184.21
7,1,Maven Toys Guadalajara 1,Guadalajara,7,Dart Gun,Sports & Outdoors,5,10,LOW STOCK,79.95
8,1,Maven Toys Guadalajara 1,Guadalajara,8,Deck Of Cards,Games,63,10,NORMAL,440.37
9,1,Maven Toys Guadalajara 1,Guadalajara,9,Dino Egg,Toys,12,10,NORMAL,131.88
10,1,Maven Toys Guadalajara 1,Guadalajara,10,Dinosaur Figures,Toys,22,10,NORMAL,329.78
11,1,Maven Toys Guadalajara 1,Guadalajara,11,Etch A Sketch,Art & Crafts,19,10,NORMAL,398.81
12,1,Maven Toys Guadalajara 1,Guadalajara,12,Foam Disk Launcher,Sports & Outdoors,3,10,LOW STOCK,35.97
13,1,Maven Toys Guadalajara 1,Guadalajara,13,Gamer Headphones,Electronics,12,10,NORMAL,251.88
14,1,Maven Toys Guadalajara 1,Guadalajara,14,Glass Marbles,Games,3,10,LOW STOCK,32.97
15,1,Maven Toys Guadalajara 1,Guadalajara,15,Hot Wheels 5-Pack,Toys,2,10,LOW STOCK,11.98
16,1,Maven Toys Guadalajara 1,Guadalajara,16,Jenga,Games,8,10,LOW STOCK,79.92
17,1,Maven Toys Guadalajara 1,Guadalajara,17,Kids Makeup Kit,Art & Crafts,7,10,LOW STOCK,139.93
18,1,Maven Toys Guadalajara 1,Guadalajara,18,Lego Bricks,Toys,11,10,NORMAL,439.89
19,1,Maven Toys Guadalajara 1,Guadalajara,19,Magic Sand,Art & Crafts,25,10,NORMAL,399.75
20,1,Maven Toys Guadalajara 1,Guadalajara,20,Mini Basketball Hoop,Sports & Outdoors,11,10,NORMAL,274.89
21,1,Maven Toys Guadalajara 1,Guadalajara,21,Mini Ping Pong Set,Sports & Outdoors,21,10,NORMAL,209.79
22,1,Maven Toys Guadalajara 1,Guadalajara,22,Monopoly,Games,2,10,LOW STOCK,39.98
23,1,Maven Toys Guadalajara 1,Guadalajara,23,Mr. Potatohead,Toys,1,10,LOW STOCK,9.99
24,1,Maven Toys Guadalajara 1,Guadalajara,24,Nerf Gun,Sports & Outdoors,9,10,LOW STOCK,179.91
25,1,Maven Toys Guadalajara 1,Guadalajara,25,PlayDoh Can,Art & Crafts,54,10,NORMAL,161.46
26,1,Maven Toys Guadalajara 1,Guadalajara,26,PlayDoh Playset,Art & Crafts,13,10,NORMAL,324.87
27,1,Maven Toys Guadalajara 1,Guadalajara,27,PlayDoh Toolkit,Art & Crafts,33,10,NORMAL,164.67
28,1,Maven Toys Guadalajara 1,Guadalajara,28,Playfoam,Art & Crafts,10,10,NORMAL,109.9
29,1,Maven Toys Guadalajara 1,Guadalajara,29,Plush Pony,Toys,4,10,LOW STOCK,79.96
30,1,Maven Toys Guadalajara 1,Guadalajara,30,Rubik's Cube,Games,44,10,NORMAL,879.56
31,1,Maven Toys Guadalajara 1,Guadalajara,31,Splash Balls,Sports & Outdoors,7,10,LOW STOCK,62.93
32,1,Maven Toys Guadalajara 1,Guadalajara,32,Supersoaker Water Gun,Sports & Outdoors,4,10,LOW STOCK,59.96
33,1,Maven Toys Guadalajara 1,Guadalajara,33,Teddy Bear,Toys,2,10,LOW STOCK,25.98
34,1,Maven Toys Guadalajara 1,Guadalajara,34,Toy Robot,Electronics,0,10,OUT OF STOCK,0
35,1,Maven Toys Guadalajara 1,Guadalajara,35,Uno Card Game,Games,12,10,NORMAL,95.88
36,2,Maven Toys Monterrey 1,Monterrey,1,Action Figure,Toys,0,10,OUT OF STOCK,0
37,2,Maven Toys Monterrey 1,Monterrey,2,Animal Figures,Toys,6,10,LOW STOCK,77.94
38,2,Maven Toys Monterrey 1,Monterrey,3,Barrel O' Slime,Art & Crafts,18,10,NORMAL,71.82
39,2,Maven Toys Monterrey 1,Monterrey,4,Chutes & Ladders,Games,0,10,OUT OF STOCK,0
40,2,Maven Toys Monterrey 1,Monterrey,5,Classic Dominoes,Games,0,10,OUT OF STOCK,0
41,2,Maven Toys Monterrey 1,Monterrey,6,Colorbuds,Electronics,6,10,LOW STOCK,89.94
42,2,Maven Toys Monterrey 1,Monterrey,7,Dart Gun,Sports & Outdoors,14,10,NORMAL,223.86
43,2,Maven Toys Monterrey 1,Monterrey,8,Deck Of Cards,Games,76,10,NORMAL,531.24
44,2,Maven Toys Monterrey 1,Monterrey,9,Dino Egg,Toys,0,10,OUT OF STOCK,0
45,2,Maven Toys Monterrey 1,Monterrey,10,Dinosaur Figures,Toys,10,10,NORMAL,149.9
46,2,Maven Toys Monterrey 1,Monterrey,11,Etch A Sketch,Art & Crafts,0,10,OUT OF STOCK,0
47,2,Maven Toys Monterrey 1,Monterrey,12,Foam Disk Launcher,Sports & Outdoors,2,10,LOW STOCK,23.98
48,2,Maven Toys Monterrey 1,Monterrey,13,Gamer Headphones,Electronics,3,10,LOW STOCK,62.97
49,2,Maven Toys Monterrey 1,Monterrey,14,Glass Marbles,Games,21,10,NORMAL,230.79
50,2,Maven Toys Monterrey 1,Monterrey,15,Hot Wheels 5-Pack,Toys,20,10,NORMAL,119.8
51,2,Maven Toys Monterrey 1,Monterrey,16,Jenga,Games,0,10,OUT OF STOCK,0
52,2,Maven Toys Monterrey 1,Monterrey,17,Kids Makeup Kit,Art & Crafts,12,10,NORMAL,239.88
53,2,Maven Toys Monterrey 1,Monterrey,18,Lego Bricks,Toys,38,10,NORMAL,1519.62
54,2,Maven Toys Monterrey 1,Monterrey,19,Magic Sand,Art & Crafts,35,10,NORMAL,559.65
55,2,Maven Toys Monterrey 1,Monterrey,20,Mini Basketball Hoop,Sports & Outdoors,0,10,OUT OF STOCK,0
56,2,Maven Toys Monterrey 1,Monterrey,21,Mini Ping Pong Set,Sports & Outdoors,20,10,NORMAL,199.8
57,2,Maven Toys Monterrey 1,Monterrey,22,Monopoly,Games,0,10,OUT OF STOCK,0
58,2,Maven Toys Monterrey 1,Monterrey,23,Mr. Potatohead,Toys,8,10,LOW STOCK,79.92
59,2,Maven Toys Monterrey 1,Monterrey,24,Nerf Gun,Sports & Outdoors,39,10,NORMAL,779.61
60,2,Maven Toys Monterrey 1,Monterrey,25,PlayDoh Can,Art & Crafts,32,10,NORMAL,95.68
61,2,Maven Toys Monterrey 1,Monterrey,26,PlayDoh Playset,Art & Crafts,12,10,NORMAL,299.88
62,2,Maven Toys Monterrey 1,Monterrey,27,PlayDoh Toolkit,Art & Crafts,30,10,NORMAL,149.7
63,2,Maven Toys Monterrey 1,Monterrey,28,Playfoam,Art & Crafts,2,10,LOW STOCK,21.98
64,2,Maven Toys Monterrey 1,Monterrey,29,Plush Pony,Toys,5,10,LOW STOCK,99.95
65,2,Maven Toys Monterrey 1,Monterrey,30,Rubik's Cube,Games,50,10,NORMAL,999.5
66,2,Maven Toys Monterrey 1,Monterrey,31,Splash Balls,Sports & Outdoors,18,10,NORMAL,161.82
67,2,Maven Toys Monterrey 1,Monterrey,32,Supersoaker Water Gun,Sports & Outdoors,10,10,NORMAL,149.9
68,2,Maven Toys Monterrey 1,Monterrey,33,Teddy Bear,Toys,11,10,NORMAL,142.89
69,2,Maven Toys Monterrey 1,Monterrey,34,Toy Robot,Electronics,18,10,NORMAL,467.82
70,2,Maven Toys Monterrey 1,Monterrey,35,Uno Card Game,Games,0,10,OUT OF STOCK,0
71,3,Maven Toys Guadalajara 2,Guadalajara,1,Action Figure,Toys,17,10,NORMAL,271.83
72,3,Maven Toys Guadalajara 2,Guadalajara,2,Animal Figures,Toys,8,10,LOW STOCK,103.92
73,3,Maven Toys Guadalajara 2,Guadalajara,3,Barrel O' Slime,Art & Crafts,35,10,NORMAL,139.65
74,3,Maven Toys Guadalajara 2,Guadalajara,4,Chutes & Ladders,Games,0,10,OUT OF STOCK,0
75,3,Maven Toys Guadalajara 2,Guadalajara,5,Classic Dominoes,Games,0,10,OUT OF STOCK,0
76,3,Maven Toys Guadalajara 2,Guadalajara,6,Colorbuds,Electronics,21,10,NORMAL,314.79
77,3,Maven Toys Guadalajara 2,Guadalajara,7,Dart Gun,Sports & Outdoors,8,10,LOW STOCK,127.92
78,3,Maven Toys Guadalajara 2,Guadalajara,8,Deck Of Cards,Games,44,10,NORMAL,307.56
79,3,Maven Toys Guadalajara 2,Guadalajara,9,Dino Egg,Toys,4,10,LOW STOCK,43.96
80,3,Maven Toys Guadalajara 2,Guadalajara,10,Dinosaur Figures,Toys,54,10,NORMAL,809.46
81,3,Maven Toys Guadalajara 2,Guadalajara,11,Etch A Sketch,Art & Crafts,13,10,NORMAL,272.87
82,3,Maven Toys Guadalajara 2,Guadalajara,12,Foam Disk Launcher,Sports & Outdoors,4,10,LOW STOCK,47.96
83,3,Maven Toys Guadalajara 2,Guadalajara,13,Gamer Headphones,Electronics,8,10,LOW STOCK,167.92
84,3,Maven Toys Guadalajara 2,Guadalajara,14,Glass Marbles,Games,4,10,LOW STOCK,43.96
85,3,Maven Toys Guadalajara 2,Guadalajara,15,Hot Wheels 5-Pack,Toys,0,10,OUT OF STOCK,0
86,3,Maven Toys Guadalajara 2,Guadalajara,16,Jenga,Games,0,10,OUT OF STOCK,0
87,3,Maven Toys Guadalajara 2,Guadalajara,17,Kids Makeup Kit,Art & Crafts,1,10,LOW STOCK,19.99
88,3,Maven Toys Guadalajara 2,Guadalajara,18,Lego Bricks,Toys,52,10,NORMAL,2079.48
89,3,Maven Toys Guadalajara 2,Guadalajara,19,Magic Sand,Art & Crafts,33,10,NORMAL,527.67
90,3,Maven Toys Guadalajara 2,Guadalajara,20,Mini Basketball Hoop,Sports & Outdoors,0,10,OUT OF STOCK,0
91,3,Maven Toys Guadalajara 2,Guadalajara,21,Mini Ping Pong Set,Sports & Outdoors,3,10,LOW STOCK,29.97
92,3,Maven Toys Guadalajara 2,Guadalajara,22,Monopoly,Games,0,10,OUT OF STOCK,0
93,3,Maven Toys Guadalajara 2,Guadalajara,23,Mr. Potatohead,Toys,13,10,NORMAL,129.87
94,3,Maven Toys Guadalajara 2,Guadalajara,24,Nerf Gun,Sports & Outdoors,15,10,NORMAL,299.85
95,3,Maven Toys Guadalajara 2,Guadalajara,25,PlayDoh Can,Art & Crafts,44,10,NORMAL,131.56
96,3,Maven Toys Guadalajara 2,Guadalajara,26,PlayDoh Playset,Art & Crafts,13,10,NORMAL,324.87
97,3,Maven Toys Guadalajara 2,Guadalajara,27,PlayDoh Toolkit,Art & Crafts,23,10,NORMAL,114.77
98,3,Maven Toys Guadalajara 2,Guadalajara,28,Playfoam,Art & Crafts,10,10,NORMAL,109.9
99,3,Maven Toys Guadalajara 2,Guadalajara,29,Plush Pony,Toys,0,10,OUT OF STOCK,0
100,3,Maven Toys Guadalajara 2,Guadalajara,30,Rubik's Cube,Games,43,10,NORMAL,859.57
101,3,Maven Toys Guadalajara 2,Guadalajara,31,Splash Balls,Sports & Outdoors,29,10,NORMAL,260.71
102,3,Maven Toys Guadalajara 2,Guadalajara,32,Supersoaker Water Gun,Sports & Outdoors,4,10,LOW STOCK,59.96
103,3,Maven Toys Guadalajara 2,Guadalajara,33,Teddy Bear,Toys,4,10,LOW STOCK,51.96
104,3,Maven Toys Guadalajara 2,Guadalajara,34,Toy Robot,Electronics,7,10,LOW STOCK,181.93
105,3,Maven Toys Guadalajara 2,Guadalajara,35,Uno Card Game,Games,0,10,OUT OF STOCK,0
106,4,Maven Toys Saltillo 1,Saltillo,1,Action Figure,Toys,2,10,LOW STOCK,31.98
107,4,Maven Toys Saltillo 1,Saltillo,2,Animal Figures,Toys,18,10,NORMAL,233.82
108,4,Maven Toys Saltillo 1,Saltillo,3,Barrel O' Slime,Art & Crafts,6,10,LOW STOCK,23.94
109,4,Maven Toys Saltillo 1,Saltillo,4,Chutes & Ladders,Games,2,10,LOW STOCK,25.98
110,4,Maven Toys Saltillo 1,Saltillo,5,Classic Dominoes,Games,14,10,NORMAL,139.86
111,4,Maven Toys Saltillo 1,Saltillo,6,Colorbuds,Electronics,44,10,NORMAL,659.56
112,4,Maven Toys Saltillo 1,Saltillo,7,Dart Gun,Sports & Outdoors,9,10,LOW STOCK,143.91
113,4,Maven Toys Saltillo 1,Saltillo,8,Deck Of Cards,Games,15,10,NORMAL,104.85
114,4,Maven Toys Saltillo 1,Saltillo,9,Dino Egg,Toys,27,10,NORMAL,296.73
115,4,Maven Toys Saltillo 1,Saltillo,10,Dinosaur Figures,Toys,8,10,LOW STOCK,119.92
116,4,Maven Toys Saltillo 1,Saltillo,11,Etch A Sketch,Art & Crafts,3,10,LOW STOCK,62.97
117,4,Maven Toys Saltillo 1,Saltillo,12,Foam Disk Launcher,Sports & Outdoors,7,10,LOW STOCK,83.93
118,4,Maven Toys Saltillo 1,Saltillo,13,Gamer Headphones,Electronics,4,10,LOW STOCK,83.96
119,4,Maven Toys Saltillo 1,Saltillo,14,Glass Marbles,Games,4,10,LOW STOCK,43.96
120,4,Maven Toys Saltillo 1,Saltillo,15,Hot Wheels 5-Pack,Toys,9,10,LOW STOCK,53.91
121,4,Maven Toys Saltillo 1,Saltillo,16,Jenga,Games,8,10,LOW STOCK,79.92
122,4,Maven Toys Saltillo 1,Saltillo,17,Kids Makeup Kit,Art & Crafts,2,10,LOW STOCK,39.98
123,4,Maven Toys Saltillo 1,Saltillo,18,Lego Bricks,Toys,17,10,NORMAL,679.83
124,4,Maven Toys Saltillo 1,Saltillo,19,Magic Sand,Art & Crafts,2,10,LOW STOCK,31.98
125,4,Maven Toys Saltillo 1,Saltillo,20,Mini Basketball Hoop,Sports & Outdoors,13,10,NORMAL,324.87
126,4,Maven Toys Saltillo 1,Saltillo,21,Mini Ping Pong Set,Sports & Outdoors,24,10,NORMAL,239.76
127,4,Maven Toys Saltillo 1,Saltillo,22,Monopoly,Games,5,10,LOW STOCK,99.95
128,4,Maven Toys Saltillo 1,Saltillo,23,Mr. Potatohead,Toys,26,10,NORMAL,259.74
129,4,Maven Toys Saltillo 1,Saltillo,24,Nerf Gun,Sports & Outdoors,20,10,NORMAL,399.8
130,4,Maven Toys Saltillo 1,Saltillo,25,PlayDoh Can,Art & Crafts,18,10,NORMAL,53.82
131,4,Maven Toys Saltillo 1,Saltillo,26,PlayDoh Playset,Art & Crafts,10,10,NORMAL,249.9
132,4,Maven Toys Saltillo 1,Saltillo,27,PlayDoh Toolkit,Art & Crafts,19,10,NORMAL,94.81
133,4,Maven Toys Saltillo 1,Saltillo,28,Playfoam,Art & Crafts,6,10,LOW STOCK,65.94
134,4,Maven Toys Saltillo 1,Saltillo,29,Plush Pony,Toys,20,10,NORMAL,399.8
135,4,Maven Toys Saltillo 1,Saltillo,30,Rubik's Cube,Games,28,10,NORMAL,559.72
136,4,Maven Toys Saltillo 1,Saltillo,31,Splash Balls,Sports & Outdoors,35,10,NORMAL,314.65
137,4,Maven Toys Saltillo 1,Saltillo,32,Supersoaker Water Gun,Sports & Outdoors,6,10,LOW STOCK,89.94
138,4,Maven Toys Saltillo 1,Saltillo,33,Teddy Bear,Toys,2,10,LOW STOCK,25.98
139,4,Maven Toys Saltillo 1,Saltillo,34,Toy Robot,Electronics,0,10,OUT OF STOCK,0
140,4,Maven Toys Saltillo 1,Saltillo,35,Uno Card Game,Games,4,10,LOW STOCK,31.96
141,5,Maven Toys La Paz 1,La Paz,1,Action Figure,Toys,8,10,LOW STOCK,127.92
142,5,Maven Toys La Paz 1,La Paz,2,Animal Figures,Toys,14,10,NORMAL,181.86
143,5,Maven Toys La Paz 1,La Paz,3,Barrel O' Slime,Art & Crafts,3,10,LOW STOCK,11.97
144,5,Maven Toys La Paz 1,La Paz,4,Chutes & Ladders,Games,0,10,OUT OF STOCK,0
145,5,Maven Toys La Paz 1,La Paz,5,Classic Dominoes,Games,0,10,OUT OF STOCK,0
146,5,Maven Toys La Paz 1,La Paz,6,Colorbuds,Electronics,12,10,NORMAL,179.88
147,5,Maven Toys La Paz 1,La Paz,7,Dart Gun,Sports & Outdoors,30,10,NORMAL,479.7
148,5,Maven Toys La Paz 1,La Paz,8,Deck Of Cards,Games,27,10,NORMAL,188.73
149,5,Maven Toys La Paz 1,La Paz,9,Dino Egg,Toys,31,10,NORMAL,340.69
150,5,Maven Toys La Paz 1,La Paz,10,Dinosaur Figures,Toys,39,10,NORMAL,584.61
151,5,Maven Toys La Paz 1,La Paz,11,Etch A Sketch,Art & Crafts,0,10,OUT OF STOCK,0
152,5,Maven Toys La Paz 1,La Paz,12,Foam Disk Launcher,Sports & Outdoors,0,10,OUT OF STOCK,0
153,5,Maven Toys La Paz 1,La Paz,13,Gamer Headphones,Electronics,17,10,NORMAL,356.83
154,5,Maven Toys La Paz 1,La Paz,14,Glass Marbles,Games,14,10,NORMAL,153.86
155,5,Maven Toys La Paz 1,La Paz,15,Hot Wheels 5-Pack,Toys,0,10,OUT OF STOCK,0
156,5,Maven Toys La Paz 1,La Paz,16,Jenga,Games,0,10,OUT OF STOCK,0
157,5,Maven Toys La Paz 1,La Paz,17,Kids Makeup Kit,Art & Crafts,7,10,LOW STOCK,139.93
158,5,Maven Toys La Paz 1,La Paz,18,Lego Bricks,Toys,9,10,LOW STOCK,359.91
159,5,Maven Toys La Paz 1,La Paz,19,Magic Sand,Art & Crafts,18,10,NORMAL,287.82
160,5,Maven Toys La Paz 1,La Paz,20,Mini Basketball Hoop,Sports & Outdoors,0,10,OUT OF STOCK,0
161,5,Maven Toys La Paz 1,La Paz,21,Mini Ping Pong Set,Sports & Outdoors,0,10,OUT OF STOCK,0
162,5,Maven Toys La Paz 1,La Paz,22,Monopoly,Games,0,10,OUT OF STOCK,0
163,5,Maven Toys La Paz 1,La Paz,23,Mr. Potatohead,Toys,11,10,NORMAL,109.89
164,5,Maven Toys La Paz 1,La Paz,24,Nerf Gun,Sports & Outdoors,60,10,NORMAL,1199.4
165,5,Maven Toys La Paz 1,La Paz,25,PlayDoh Can,Art & Crafts,9,10,LOW STOCK,26.91
166,5,Maven Toys La Paz 1,La Paz,26,PlayDoh Playset,Art & Crafts,4,10,LOW STOCK,99.96
167,5,Maven Toys La Paz 1,La Paz,27,PlayDoh Toolkit,Art & Crafts,45,10,NORMAL,224.55
168,5,Maven Toys La Paz 1,La Paz,28,Playfoam,Art & Crafts,0,10,OUT OF STOCK,0
169,5,Maven Toys La Paz 1,La Paz,29,Plush Pony,Toys,8,10,LOW STOCK,159.92
170,5,Maven Toys La Paz 1,La Paz,30,Rubik's Cube,Games,39,10,NORMAL,779.61
171,5,Maven Toys La Paz 1,La Paz,31,Splash Balls,Sports & Outdoors,31,10,NORMAL,278.69
172,5,Maven Toys La Paz 1,La Paz,32,Supersoaker Water Gun,Sports & Outdoors,10,10,NORMAL,149.9
173,5,Maven Toys La Paz 1,La Paz,33,Teddy Bear,Toys,17,10,NORMAL,220.83
174,5,Maven Toys La Paz 1,La Paz,34,Toy Robot,Electronics,10,10,NORMAL,259.9
175,5,Maven Toys La Paz 1,La Paz,35,Uno Card Game,Games,0,10,OUT OF STOCK,0
176,6,Maven Toys Mexicali 1,Mexicali,1,Action Figure,Toys,0,10,OUT OF STOCK,0
177,6,Maven Toys Mexicali 1,Mexicali,2,Animal Figures,Toys,47,10,NORMAL,610.53
178,6,Maven Toys Mexicali 1,Mexicali,3,Barrel O' Slime,Art & Crafts,20,10,NORMAL,79.8
179,6,Maven Toys Mexicali 1,Mexicali,4,Chutes & Ladders,Games,14,10,NORMAL,181.86
180,6,Maven Toys Mexicali 1,Mexicali,5,Classic Dominoes,Games,8,10,LOW STOCK,79.92
181,6,Maven Toys Mexicali 1,Mexicali,6,Colorbuds,Electronics,32,10,NORMAL,479.68
182,6,Maven Toys Mexicali 1,Mexicali,7,Dart Gun,Sports & Outdoors,18,10,NORMAL,287.82
183,6,Maven Toys Mexicali 1,Mexicali,8,Deck Of Cards,Games,50,10,NORMAL,349.5
184,6,Maven Toys Mexicali 1,Mexicali,9,Dino Egg,Toys,3,10,LOW STOCK,32.97
185,6,Maven Toys Mexicali 1,Mexicali,10,Dinosaur Figures,Toys,52,10,NORMAL,779.48
186,6,Maven Toys Mexicali 1,Mexicali,11,Etch A Sketch,Art & Crafts,20,10,NORMAL,419.8
187,6,Maven Toys Mexicali 1,Mexicali,12,Foam Disk Launcher,Sports & Outdoors,2,10,LOW STOCK,23.98
188,6,Maven Toys Mexicali 1,Mexicali,13,Gamer Headphones,Electronics,2,10,LOW STOCK,41.98
189,6,Maven Toys Mexicali 1,Mexicali,14,Glass Marbles,Games,11,10,NORMAL,120.89
190,6,Maven Toys Mexicali 1,Mexicali,15,Hot Wheels 5-Pack,Toys,11,10,NORMAL,65.89
191,6,Maven Toys Mexicali 1,Mexicali,16,Jenga,Games,10,10,NORMAL,99.9
192,6,Maven Toys Mexicali 1,Mexicali,17,Kids Makeup Kit,Art & Crafts,22,10,NORMAL,439.78
193,6,Maven Toys Mexicali 1,Mexicali,18,Lego Bricks,Toys,11,10,NORMAL,439.89
194,6,Maven Toys Mexicali 1,Mexicali,19,Magic Sand,Art & Crafts,39,10,NORMAL,623.61
195,6,Maven Toys Mexicali 1,Mexicali,20,Mini Basketball Hoop,Sports & Outdoors,9,10,LOW STOCK,224.91
196,6,Maven Toys Mexicali 1,Mexicali,21,Mini Ping Pong Set,Sports & Outdoors,36,10,NORMAL,359.64
197,6,Maven Toys Mexicali 1,Mexicali,22,Monopoly,Games,5,10,LOW STOCK,99.95
198,6,Maven Toys Mexicali 1,Mexicali,23,Mr. Potatohead,Toys,15,10,NORMAL,149.85
199,6,Maven Toys Mexicali 1,Mexicali,24,Nerf Gun,Sports & Outdoors,15,10,NORMAL,299.85
200,6,Maven Toys Mexicali 1,Mexicali,25,PlayDoh Can,Art & Crafts,62,10,NORMAL,185.38
201,6,Maven Toys Mexicali 1,Mexicali,26,PlayDoh Playset,Art & Crafts,7,10,LOW STOCK,174.93
202,6,Maven Toys Mexicali 1,Mexicali,27,PlayDoh Toolkit,Art & Crafts,37,10,NORMAL,184.63
203,6,Maven Toys Mexicali 1,Mexicali,28,Playfoam,Art & Crafts,2,10,LOW STOCK,21.98
204,6,Maven Toys Mexicali 1,Mexicali,29,Plush Pony,Toys,10,10,NORMAL,199.9
205,6,Maven Toys Mexicali 1,Mexicali,30,Rubik's Cube,Games,67,10,NORMAL,1339.33
206,6,Maven Toys Mexicali 1,Mexicali,31,Splash Balls,Sports & Outdoors,17,10,NORMAL,152.83
207,6,Maven Toys Mexicali 1,Mexicali,32,Supersoaker Water Gun,Sports & Outdoors,7,10,LOW STOCK,104.93
208,6,Maven Toys Mexicali 1,Mexicali,33,Teddy Bear,Toys,7,10,LOW STOCK,90.93
209,6,Maven Toys Mexicali 1,Mexicali,34,Toy Robot,Electronics,8,10,LOW STOCK,207.92
210,6,Maven Toys Mexicali 1,Mexicali,35,Uno Card Game,Games,3,10,LOW STOCK,23.97
211,7,Maven Toys Monterrey 2,Monterrey,1,Action Figure,Toys,14,10,NORMAL,223.86
212,7,Maven Toys Monterrey 2,Monterrey,2,Animal Figures,Toys,7,10,LOW STOCK,90.93
213,7,Maven Toys Monterrey 2,Monterrey,3,Barrel O' Slime,Art & Crafts,10,10,NORMAL,39.9
214,7,Maven Toys Monterrey 2,Monterrey,4,Chutes & Ladders,Games,17,10,NORMAL,220.83
215,7,Maven Toys Monterrey 2,Monterrey,5,Classic Dominoes,Games,19,10,NORMAL,189.81
216,7,Maven Toys Monterrey 2,Monterrey,6,Colorbuds,Electronics,10,10,NORMAL,149.9
217,7,Maven Toys Monterrey 2,Monterrey,7,Dart Gun,Sports & Outdoors,1,10,LOW STOCK,15.99
218,7,Maven Toys Monterrey 2,Monterrey,8,Deck Of Cards,Games,46,10,NORMAL,321.54
219,7,Maven Toys Monterrey 2,Monterrey,9,Dino Egg,Toys,0,10,OUT OF STOCK,0
220,7,Maven Toys Monterrey 2,Monterrey,10,Dinosaur Figures,Toys,36,10,NORMAL,539.64
221,7,Maven Toys Monterrey 2,Monterrey,11,Etch A Sketch,Art & Crafts,7,10,LOW STOCK,146.93
222,7,Maven Toys Monterrey 2,Monterrey,12,Foam Disk Launcher,Sports & Outdoors,38,10,NORMAL,455.62
223,7,Maven Toys Monterrey 2,Monterrey,13,Gamer Headphones,Electronics,20,10,NORMAL,419.8
224,7,Maven Toys Monterrey 2,Monterrey,14,Glass Marbles,Games,3,10,LOW STOCK,32.97
225,7,Maven Toys Monterrey 2,Monterrey,15,Hot Wheels 5-Pack,Toys,3,10,LOW STOCK,17.97
226,7,Maven Toys Monterrey 2,Monterrey,16,Jenga,Games,6,10,LOW STOCK,59.94
227,7,Maven Toys Monterrey 2,Monterrey,17,Kids Makeup Kit,Art & Crafts,4,10,LOW STOCK,79.96
228,7,Maven Toys Monterrey 2,Monterrey,18,Lego Bricks,Toys,31,10,NORMAL,1239.69
229,7,Maven Toys Monterrey 2,Monterrey,19,Magic Sand,Art & Crafts,24,10,NORMAL,383.76
230,7,Maven Toys Monterrey 2,Monterrey,20,Mini Basketball Hoop,Sports & Outdoors,7,10,LOW STOCK,174.93
231,7,Maven Toys Monterrey 2,Monterrey,21,Mini Ping Pong Set,Sports & Outdoors,49,10,NORMAL,489.51
232,7,Maven Toys Monterrey 2,Monterrey,22,Monopoly,Games,8,10,LOW STOCK,159.92
233,7,Maven Toys Monterrey 2,Monterrey,23,Mr. Potatohead,Toys,9,10,LOW STOCK,89.91
234,7,Maven Toys Monterrey 2,Monterrey,24,Nerf Gun,Sports & Outdoors,25,10,NORMAL,499.75
235,7,Maven Toys Monterrey 2,Monterrey,25,PlayDoh Can,Art & Crafts,10,10,NORMAL,29.9
236,7,Maven Toys Monterrey 2,Monterrey,26,PlayDoh Playset,Art & Crafts,16,10,NORMAL,399.84
237,7,Maven Toys Monterrey 2,Monterrey,27,PlayDoh Toolkit,Art & Crafts,48,10,NORMAL,239.52
238,7,Maven Toys Monterrey 2,Monterrey,28,Playfoam,Art & Crafts,0,10,OUT OF STOCK,0
239,7,Maven Toys Monterrey 2,Monterrey,29,Plush Pony,Toys,8,10,LOW STOCK,159.92
240,7,Maven Toys Monterrey 2,Monterrey,30,Rubik's Cube,Games,27,10,NORMAL,539.73
241,7,Maven Toys Monterrey 2,Monterrey,31,Splash Balls,Sports & Outdoors,15,10,NORMAL,134.85
242,7,Maven Toys Monterrey 2,Monterrey,32,Supersoaker Water Gun,Sports & Outdoors,3,10,LOW STOCK,44.97
243,7,Maven Toys Monterrey 2,Monterrey,33,Teddy Bear,Toys,18,10,NORMAL,233.82
244,7,Maven Toys Monterrey 2,Monterrey,34,Toy Robot,Electronics,2,10,LOW STOCK,51.98
245,7,Maven Toys Monterrey 2,Monterrey,35,Uno Card Game,Games,17,10,NORMAL,135.83
246,8,Maven Toys Pachuca 1,Pachuca,1,Action Figure,Toys,10,10,NORMAL,159.9
247,8,Maven Toys Pachuca 1,Pachuca,2,Animal Figures,Toys,11,10,NORMAL,142.89
248,8,Maven Toys Pachuca 1,Pachuca,3,Barrel O' Slime,Art & Crafts,8,10,LOW STOCK,31.92
249,8,Maven Toys Pachuca 1,Pachuca,4,Chutes & Ladders,Games,18,10,NORMAL,233.82
250,8,Maven Toys Pachuca 1,Pachuca,5,Classic Dominoes,Games,10,10,NORMAL,99.9
251,8,Maven Toys Pachuca 1,Pachuca,6,Colorbuds,Electronics,12,10,NORMAL,179.88
252,8,Maven Toys Pachuca 1,Pachuca,7,Dart Gun,Sports & Outdoors,8,10,LOW STOCK,127.92
253,8,Maven Toys Pachuca 1,Pachuca,8,Deck Of Cards,Games,42,10,NORMAL,293.58
254,8,Maven Toys Pachuca 1,Pachuca,9,Dino Egg,Toys,0,10,OUT OF STOCK,0
255,8,Maven Toys Pachuca 1,Pachuca,10,Dinosaur Figures,Toys,54,10,NORMAL,809.46
256,8,Maven Toys Pachuca 1,Pachuca,11,Etch A Sketch,Art & Crafts,8,10,LOW STOCK,167.92
257,8,Maven Toys Pachuca 1,Pachuca,12,Foam Disk Launcher,Sports & Outdoors,4,10,LOW STOCK,47.96
258,8,Maven Toys Pachuca 1,Pachuca,13,Gamer Headphones,Electronics,0,10,OUT OF STOCK,0
259,8,Maven Toys Pachuca 1,Pachuca,14,Glass Marbles,Games,0,10,OUT OF STOCK,0
260,8,Maven Toys Pachuca 1,Pachuca,15,Hot Wheels 5-Pack,Toys,0,10,OUT OF STOCK,0
261,8,Maven Toys Pachuca 1,Pachuca,16,Jenga,Games,8,10,LOW STOCK,79.92
262,8,Maven Toys Pachuca 1,Pachuca,17,Kids Makeup Kit,Art & Crafts,5,10,LOW STOCK,99.95
263,8,Maven Toys Pachuca 1,Pachuca,18,Lego Bricks,Toys,18,10,NORMAL,719.82
264,8,Maven Toys Pachuca 1,Pachuca,19,Magic Sand,Art & Crafts,11,10,NORMAL,175.89
265,8,Maven Toys Pachuca 1,Pachuca,20,Mini Basketball Hoop,Sports & Outdoors,5,10,LOW STOCK,124.95
266,8,Maven Toys Pachuca 1,Pachuca,21,Mini Ping Pong Set,Sports & Outdoors,37,10,NORMAL,369.63
267,8,Maven Toys Pachuca 1,Pachuca,22,Monopoly,Games,13,10,NORMAL,259.87
268,8,Maven Toys Pachuca 1,Pachuca,23,Mr. Potatohead,Toys,8,10,LOW STOCK,79.92
269,8,Maven Toys Pachuca 1,Pachuca,24,Nerf Gun,Sports & Outdoors,7,10,LOW STOCK,139.93
270,8,Maven Toys Pachuca 1,Pachuca,25,PlayDoh Can,Art & Crafts,71,10,NORMAL,212.29
271,8,Maven Toys Pachuca 1,Pachuca,26,PlayDoh Playset,Art & Crafts,20,10,NORMAL,499.8
272,8,Maven Toys Pachuca 1,Pachuca,27,PlayDoh Toolkit,Art & Crafts,47,10,NORMAL,234.53
273,8,Maven Toys Pachuca 1,Pachuca,28,Playfoam,Art & Crafts,20,10,NORMAL,219.8
274,8,Maven Toys Pachuca 1,Pachuca,29,Plush Pony,Toys,3,10,LOW STOCK,59.97
275,8,Maven Toys Pachuca 1,Pachuca,30,Rubik's Cube,Games,13,10,NORMAL,259.87
276,8,Maven Toys Pachuca 1,Pachuca,31,Splash Balls,Sports & Outdoors,27,10,NORMAL,242.73
277,8,Maven Toys Pachuca 1,Pachuca,32,Supersoaker Water Gun,Sports & Outdoors,7,10,LOW STOCK,104.93
278,8,Maven Toys Pachuca 1,Pachuca,33,Teddy Bear,Toys,17,10,NORMAL,220.83
279,8,Maven Toys Pachuca 1,Pachuca,34,Toy Robot,Electronics,18,10,NORMAL,467.82
280,8,Maven Toys Pachuca 1,Pachuca,35,Uno Card Game,Games,8,10,LOW STOCK,63.92
281,9,Maven Toys Ciudad de Mexico 1,Cuidad de Mexico,1,Action Figure,Toys,15,10,NORMAL,239.85
282,9,Maven Toys Ciudad de Mexico 1,Cuidad de Mexico,2,Animal Figures,Toys,18,10,NORMAL,233.82
283,9,Maven Toys Ciudad de Mexico 1,Cuidad de Mexico,3,Barrel O' Slime,Art & Crafts,10,10,NORMAL,39.9
284,9,Maven Toys Ciudad de Mexico 1,Cuidad de Mexico,4,Chutes & Ladders,Games,6,10,LOW STOCK,77.94
285,9,Maven Toys Ciudad de Mexico 1,Cuidad de Mexico,5,Classic Dominoes,Games,3,10,LOW STOCK,29.97
286,9,Maven Toys Ciudad de Mexico 1,Cuidad de Mexico,6,Colorbuds,Electronics,55,10,NORMAL,824.45
287,9,Maven Toys Ciudad de Mexico 1,Cuidad de Mexico,7,Dart Gun,Sports & Outdoors,22,10,NORMAL,351.78
288,9,Maven Toys Ciudad de Mexico 1,Cuidad de Mexico,8,Deck Of Cards,Games,29,10,NORMAL,202.71
289,9,Maven Toys Ciudad de Mexico 1,Cuidad de Mexico,9,Dino Egg,Toys,50,10,NORMAL,549.5
290,9,Maven Toys Ciudad de Mexico 1,Cuidad de Mexico,10,Dinosaur Figures,Toys,69,10,NORMAL,1034.31
291,9,Maven Toys Ciudad de Mexico 1,Cuidad de Mexico,11,Etch A Sketch,Art & Crafts,1,10,LOW STOCK,20.99
292,9,Maven Toys Ciudad de Mexico 1,Cuidad de Mexico,12,Foam Disk Launcher,Sports & Outdoors,6,10,LOW STOCK,71.94
293,9,Maven Toys Ciudad de Mexico 1,Cuidad de Mexico,13,Gamer Headphones,Electronics,19,10,NORMAL,398.81
294,9,Maven Toys Ciudad de Mexico 1,Cuidad de Mexico,14,Glass Marbles,Games,11,10,NORMAL,120.89
295,9,Maven Toys Ciudad de Mexico 1,Cuidad de Mexico,15,Hot Wheels 5-Pack,Toys,9,10,LOW STOCK,53.91
296,9,Maven Toys Ciudad de Mexico 1,Cuidad de Mexico,16,Jenga,Games,5,10,LOW STOCK,49.95
297,9,Maven Toys Ciudad de Mexico 1,Cuidad de Mexico,17,Kids Makeup Kit,Art & Crafts,8,10,LOW STOCK,159.92
298,9,Maven Toys Ciudad de Mexico 1,Cuidad de Mexico,18,Lego Bricks,Toys,8,10,LOW STOCK,319.92
299,9,Maven Toys Ciudad de Mexico 1,Cuidad de Mexico,19,Magic Sand,Art & Crafts,54,10,NORMAL,863.46
300,9,Maven Toys Ciudad de Mexico 1,Cuidad de Mexico,20,Mini Basketball Hoop,Sports & Outdoors,4,10,LOW STOCK,99.96
301,9,Maven Toys Ciudad de Mexico 1,Cuidad de Mexico,21,Mini Ping Pong Set,Sports & Outdoors,12,10,NORMAL,119.88
302,9,Maven Toys Ciudad de Mexico 1,Cuidad de Mexico,22,Monopoly,Games,9,10,LOW STOCK,179.91
303,9,Maven Toys Ciudad de Mexico 1,Cuidad de Mexico,23,Mr. Potatohead,Toys,31,10,NORMAL,309.69
304,9,Maven Toys Ciudad de Mexico 1,Cuidad de Mexico,24,Nerf Gun,Sports & Outdoors,16,10,NORMAL,319.84
305,9,Maven Toys Ciudad de Mexico 1,Cuidad de Mexico,25,PlayDoh Can,Art & Crafts,4,10,LOW STOCK,11.96
306,9,Maven Toys Ciudad de Mexico 1,Cuidad de Mexico,26,PlayDoh Playset,Art & Crafts,21,10,NORMAL,524.79
307,9,Maven Toys Ciudad de Mexico 1,Cuidad de Mexico,27,PlayDoh Toolkit,Art & Crafts,29,10,NORMAL,144.71
308,9,Maven Toys Ciudad de Mexico 1,Cuidad de Mexico,28,Playfoam,Art & Crafts,9,10,LOW STOCK,98.91
309,9,Maven Toys Ciudad de Mexico 1,Cuidad de Mexico,29,Plush Pony,Toys,8,10,LOW STOCK,159.92
310,9,Maven Toys Ciudad de Mexico 1,Cuidad de Mexico,30,Rubik's Cube,Games,11,10,NORMAL,219.89
311,9,Maven Toys Ciudad de Mexico 1,Cuidad de Mexico,31,Splash Balls,Sports & Outdoors,6,10,LOW STOCK,53.94
312,9,Maven Toys Ciudad de Mexico 1,Cuidad de Mexico,32,Supersoaker Water Gun,Sports & Outdoors,3,10,LOW STOCK,44.97
313,9,Maven Toys Ciudad de Mexico 1,Cuidad de Mexico,33,Teddy Bear,Toys,9,10,LOW STOCK,116.91
314,9,Maven Toys Ciudad de Mexico 1,Cuidad de Mexico,34,Toy Robot,Electronics,5,10,LOW STOCK,129.95
315,9,Maven Toys Ciudad de Mexico 1,Cuidad de Mexico,35,Uno Card Game,Games,4,10,LOW STOCK,31.96
316,10,Maven Toys Campeche 1,Campeche,1,Action Figure,Toys,5,10,LOW STOCK,79.95
317,10,Maven Toys Campeche 1,Campeche,2,Animal Figures,Toys,17,10,NORMAL,220.83
318,10,Maven Toys Campeche 1,Campeche,3,Barrel O' Slime,Art & Crafts,15,10,NORMAL,59.85
319,10,Maven Toys Campeche 1,Campeche,4,Chutes & Ladders,Games,17,10,NORMAL,220.83
320,10,Maven Toys Campeche 1,Campeche,5,Classic Dominoes,Games,4,10,LOW STOCK,39.96
321,10,Maven Toys Campeche 1,Campeche,6,Colorbuds,Electronics,24,10,NORMAL,359.76
322,10,Maven Toys Campeche 1,Campeche,7,Dart Gun,Sports & Outdoors,13,10,NORMAL,207.87
323,10,Maven Toys Campeche 1,Campeche,8,Deck Of Cards,Games,73,10,NORMAL,510.27
324,10,Maven Toys Campeche 1,Campeche,9,Dino Egg,Toys,10,10,NORMAL,109.9
325,10,Maven Toys Campeche 1,Campeche,10,Dinosaur Figures,Toys,57,10,NORMAL,854.43
326,10,Maven Toys Campeche 1,Campeche,11,Etch A Sketch,Art & Crafts,9,10,LOW STOCK,188.91
327,10,Maven Toys Campeche 1,Campeche,12,Foam Disk Launcher,Sports & Outdoors,15,10,NORMAL,179.85
328,10,Maven Toys Campeche 1,Campeche,13,Gamer Headphones,Electronics,17,10,NORMAL,356.83
329,10,Maven Toys Campeche 1,Campeche,14,Glass Marbles,Games,4,10,LOW STOCK,43.96
330,10,Maven Toys Campeche 1,Campeche,15,Hot Wheels 5-Pack,Toys,13,10,NORMAL,77.87
331,10,Maven Toys Campeche 1,Campeche,16,Jenga,Games,1,10,LOW STOCK,9.99
332,10,Maven Toys Campeche 1,Campeche,17,Kids Makeup Kit,Art & Crafts,3,10,LOW STOCK,59.97
333,10,Maven Toys Campeche 1,Campeche,18,Lego Bricks,Toys,17,10,NORMAL,679.83
334,10,Maven Toys Campeche 1,Campeche,19,Magic Sand,Art & Crafts,57,10,NORMAL,911.43
335,10,Maven Toys Campeche 1,Campeche,20,Mini Basketball Hoop,Sports & Outdoors,4,10,LOW STOCK,99.96
336,10,Maven Toys Campeche 1,Campeche,21,Mini Ping Pong Set,Sports & Outdoors,16,10,NORMAL,159.84
337,10,Maven Toys Campeche 1,Campeche,22,Monopoly,Games,13,10,NORMAL,259.87
338,10,Maven Toys Campeche 1,Campeche,23,Mr. Potatohead,Toys,9,10,LOW STOCK,89.91
339,10,Maven Toys Campeche 1,Campeche,24,Nerf Gun,Sports & Outdoors,20,10,NORMAL,399.8
340,10,Maven Toys Campeche 1,Campeche,25,PlayDoh Can,Art & Crafts,68,10,NORMAL,203.32
341,10,Maven Toys Campeche 1,Campeche,26,PlayDoh Playset,Art & Crafts,9,10,LOW STOCK,224.91
342,10,Maven Toys Campeche 1,Campeche,27,PlayDoh Toolkit,Art & Crafts,24,10,NORMAL,119.76
343,10,Maven Toys Campeche 1,Campeche,28,Playfoam,Art & Crafts,19,10,NORMAL,208.81
344,10,Maven Toys Campeche 1,Campeche,29,Plush Pony,Toys,12,10,NORMAL,239.88
345,10,Maven Toys Campeche 1,Campeche,30,Rubik's Cube,Games,42,10,NORMAL,839.58
346,10,Maven Toys Campeche 1,Campeche,31,Splash Balls,Sports & Outdoors,7,10,LOW STOCK,62.93
347,10,Maven Toys Campeche 1,Campeche,32,Supersoaker Water Gun,Sports & Outdoors,13,10,NORMAL,194.87
348,10,Maven Toys Campeche 1,Campeche,33,Teddy Bear,Toys,12,10,NORMAL,155.88
349,10,Maven Toys Campeche 1,Campeche,34,Toy Robot,Electronics,16,10,NORMAL,415.84
350,10,Maven Toys Campeche 1,Campeche,35,Uno Card Game,Games,2,10,LOW STOCK,15.98
351,11,Maven Toys Cuernavaca 1,Cuernavaca,1,Action Figure,Toys,19,10,NORMAL,303.81
352,11,Maven Toys Cuernavaca 1,Cuernavaca,2,Animal Figures,Toys,18,10,NORMAL,233.82
353,11,Maven Toys Cuernavaca 1,Cuernavaca,3,Barrel O' Slime,Art & Crafts,18,10,NORMAL,71.82
354,11,Maven Toys Cuernavaca 1,Cuernavaca,4,Chutes & Ladders,Games,0,10,OUT OF STOCK,0
355,11,Maven Toys Cuernavaca 1,Cuernavaca,5,Classic Dominoes,Games,0,10,OUT OF STOCK,0
356,11,Maven Toys Cuernavaca 1,Cuernavaca,6,Colorbuds,Electronics,32,10,NORMAL,479.68
357,11,Maven Toys Cuernavaca 1,Cuernavaca,7,Dart Gun,Sports & Outdoors,19,10,NORMAL,303.81
358,11,Maven Toys Cuernavaca 1,Cuernavaca,8,Deck Of Cards,Games,64,10,NORMAL,447.36
359,11,Maven Toys Cuernavaca 1,Cuernavaca,9,Dino Egg,Toys,13,10,NORMAL,142.87
360,11,Maven Toys Cuernavaca 1,Cuernavaca,10,Dinosaur Figures,Toys,17,10,NORMAL,254.83
361,11,Maven Toys Cuernavaca 1,Cuernavaca,11,Etch A Sketch,Art & Crafts,9,10,LOW STOCK,188.91
362,11,Maven Toys Cuernavaca 1,Cuernavaca,12,Foam Disk Launcher,Sports & Outdoors,17,10,NORMAL,203.83
363,11,Maven Toys Cuernavaca 1,Cuernavaca,13,Gamer Headphones,Electronics,2,10,LOW STOCK,41.98
364,11,Maven Toys Cuernavaca 1,Cuernavaca,14,Glass Marbles,Games,18,10,NORMAL,197.82
365,11,Maven Toys Cuernavaca 1,Cuernavaca,15,Hot Wheels 5-Pack,Toys,7,10,LOW STOCK,41.93
366,11,Maven Toys Cuernavaca 1,Cuernavaca,16,Jenga,Games,0,10,OUT OF STOCK,0
367,11,Maven Toys Cuernavaca 1,Cuernavaca,17,Kids Makeup Kit,Art & Crafts,5,10,LOW STOCK,99.95
368,11,Maven Toys Cuernavaca 1,Cuernavaca,18,Lego Bricks,Toys,34,10,NORMAL,1359.66
369,11,Maven Toys Cuernavaca 1,Cuernavaca,19,Magic Sand,Art & Crafts,51,10,NORMAL,815.49
370,11,Maven Toys Cuernavaca 1,Cuernavaca,20,Mini Basketball Hoop,Sports & Outdoors,0,10,OUT OF STOCK,0
371,11,Maven Toys Cuernavaca 1,Cuernavaca,21,Mini Ping Pong Set,Sports & Outdoors,0,10,OUT OF STOCK,0
372,11,Maven Toys Cuernavaca 1,Cuernavaca,22,Monopoly,Games,0,10,OUT OF STOCK,0
373,11,Maven Toys Cuernavaca 1,Cuernavaca,23,Mr. Potatohead,Toys,23,10,NORMAL,229.77
374,11,Maven Toys Cuernavaca 1,Cuernavaca,24,Nerf Gun,Sports & Outdoors,39,10,NORMAL,779.61
375,11,Maven Toys Cuernavaca 1,Cuernavaca,25,PlayDoh Can,Art & Crafts,70,10,NORMAL,209.3
376,11,Maven Toys Cuernavaca 1,Cuernavaca,26,PlayDoh Playset,Art & Crafts,10,10,NORMAL,249.9
377,11,Maven Toys Cuernavaca 1,Cuernavaca,27,PlayDoh Toolkit,Art & Crafts,28,10,NORMAL,139.72
378,11,Maven Toys Cuernavaca 1,Cuernavaca,28,Playfoam,Art & Crafts,11,10,NORMAL,120.89
379,11,Maven Toys Cuernavaca 1,Cuernavaca,29,Plush Pony,Toys,4,10,LOW STOCK,79.96
380,11,Maven Toys Cuernavaca 1,Cuernavaca,30,Rubik's Cube,Games,10,10,NORMAL,199.9
381,11,Maven Toys Cuernavaca 1,Cuernavaca,31,Splash Balls,Sports & Outdoors,20,10,NORMAL,179.8
382,11,Maven Toys Cuernavaca 1,Cuernavaca,32,Supersoaker Water Gun,Sports & Outdoors,4,10,LOW STOCK,59.96
383,11,Maven Toys Cuernavaca 1,Cuernavaca,33,Teddy Bear,Toys,6,10,LOW STOCK,77.94
384,11,Maven Toys Cuernavaca 1,Cuernavaca,34,Toy Robot,Electronics,9,10,LOW STOCK,233.91
385,11,Maven Toys Cuernavaca 1,Cuernavaca,35,Uno Card Game,Games,0,10,OUT OF STOCK,0
386,12,Maven Toys Chetumal 1,Chetumal,1,Action Figure,Toys,16,10,NORMAL,255.84
387,12,Maven Toys Chetumal 1,Chetumal,2,Animal Figures,Toys,16,10,NORMAL,207.84
388,12,Maven Toys Chetumal 1,Chetumal,3,Barrel O' Slime,Art & Crafts,44,10,NORMAL,175.56
389,12,Maven Toys Chetumal 1,Chetumal,4,Chutes & Ladders,Games,8,10,LOW STOCK,103.92
390,12,Maven Toys Chetumal 1,Chetumal,5,Classic Dominoes,Games,17,10,NORMAL,169.83
391,12,Maven Toys Chetumal 1,Chetumal,6,Colorbuds,Electronics,23,10,NORMAL,344.77
392,12,Maven Toys Chetumal 1,Chetumal,7,Dart Gun,Sports & Outdoors,11,10,NORMAL,175.89
393,12,Maven Toys Chetumal 1,Chetumal,8,Deck Of Cards,Games,61,10,NORMAL,426.39
394,12,Maven Toys Chetumal 1,Chetumal,9,Dino Egg,Toys,14,10,NORMAL,153.86
395,12,Maven Toys Chetumal 1,Chetumal,10,Dinosaur Figures,Toys,17,10,NORMAL,254.83
396,12,Maven Toys Chetumal 1,Chetumal,11,Etch A Sketch,Art & Crafts,8,10,LOW STOCK,167.92
397,12,Maven Toys Chetumal 1,Chetumal,12,Foam Disk Launcher,Sports & Outdoors,10,10,NORMAL,119.9
398,12,Maven Toys Chetumal 1,Chetumal,13,Gamer Headphones,Electronics,15,10,NORMAL,314.85
399,12,Maven Toys Chetumal 1,Chetumal,14,Glass Marbles,Games,13,10,NORMAL,142.87
400,12,Maven Toys Chetumal 1,Chetumal,15,Hot Wheels 5-Pack,Toys,11,10,NORMAL,65.89
401,12,Maven Toys Chetumal 1,Chetumal,16,Jenga,Games,14,10,NORMAL,139.86
402,12,Maven Toys Chetumal 1,Chetumal,17,Kids Makeup Kit,Art & Crafts,5,10,LOW STOCK,99.95
403,12,Maven Toys Chetumal 1,Chetumal,18,Lego Bricks,Toys,20,10,NORMAL,799.8
404,12,Maven Toys Chetumal 1,Chetumal,19,Magic Sand,Art & Crafts,52,10,NORMAL,831.48
405,12,Maven Toys Chetumal 1,Chetumal,20,Mini Basketball Hoop,Sports & Outdoors,15,10,NORMAL,374.85
406,12,Maven Toys Chetumal 1,Chetumal,21,Mini Ping Pong Set,Sports & Outdoors,15,10,NORMAL,149.85
407,12,Maven Toys Chetumal 1,Chetumal,22,Monopoly,Games,4,10,LOW STOCK,79.96
408,12,Maven Toys Chetumal 1,Chetumal,23,Mr. Potatohead,Toys,15,10,NORMAL,149.85
409,12,Maven Toys Chetumal 1,Chetumal,24,Nerf Gun,Sports & Outdoors,34,10,NORMAL,679.66
410,12,Maven Toys Chetumal 1,Chetumal,25,PlayDoh Can,Art & Crafts,23,10,NORMAL,68.77
411,12,Maven Toys Chetumal 1,Chetumal,26,PlayDoh Playset,Art & Crafts,20,10,NORMAL,499.8
412,12,Maven Toys Chetumal 1,Chetumal,27,PlayDoh Toolkit,Art & Crafts,36,10,NORMAL,179.64
413,12,Maven Toys Chetumal 1,Chetumal,28,Playfoam,Art & Crafts,10,10,NORMAL,109.9
414,12,Maven Toys Chetumal 1,Chetumal,29,Plush Pony,Toys,19,10,NORMAL,379.81
415,12,Maven Toys Chetumal 1,Chetumal,30,Rubik's Cube,Games,45,10,NORMAL,899.55
416,12,Maven Toys Chetumal 1,Chetumal,31,Splash Balls,Sports & Outdoors,13,10,NORMAL,116.87
417,12,Maven Toys Chetumal 1,Chetumal,32,Supersoaker Water Gun,Sports & Outdoors,9,10,LOW STOCK,134.91
418,12,Maven Toys Chetumal 1,Chetumal,33,Teddy Bear,Toys,5,10,LOW STOCK,64.95
419,12,Maven Toys Chetumal 1,Chetumal,34,Toy Robot,Electronics,9,10,LOW STOCK,233.91
420,12,Maven Toys Chetumal 1,Chetumal,35,Uno Card Game,Games,9,10,LOW STOCK,71.91
421,13,Maven Toys Mexicali 2,Mexicali,1,Action Figure,Toys,0,10,OUT OF STOCK,0
422,13,Maven Toys Mexicali 2,Mexicali,2,Animal Figures,Toys,2,10,LOW STOCK,25.98
423,13,Maven Toys Mexicali 2,Mexicali,3,Barrel O' Slime,Art & Crafts,3,10,LOW STOCK,11.97
424,13,Maven Toys Mexicali 2,Mexicali,4,Chutes & Ladders,Games,0,10,OUT OF STOCK,0
425,13,Maven Toys Mexicali 2,Mexicali,5,Classic Dominoes,Games,0,10,OUT OF STOCK,0
426,13,Maven Toys Mexicali 2,Mexicali,6,Colorbuds,Electronics,14,10,NORMAL,209.86
427,13,Maven Toys Mexicali 2,Mexicali,7,Dart Gun,Sports & Outdoors,16,10,NORMAL,255.84
428,13,Maven Toys Mexicali 2,Mexicali,8,Deck Of Cards,Games,66,10,NORMAL,461.34
429,13,Maven Toys Mexicali 2,Mexicali,9,Dino Egg,Toys,0,10,OUT OF STOCK,0
430,13,Maven Toys Mexicali 2,Mexicali,10,Dinosaur Figures,Toys,84,10,NORMAL,1259.16
431,13,Maven Toys Mexicali 2,Mexicali,11,Etch A Sketch,Art & Crafts,0,10,OUT OF STOCK,0
432,13,Maven Toys Mexicali 2,Mexicali,12,Foam Disk Launcher,Sports & Outdoors,0,10,OUT OF STOCK,0
433,13,Maven Toys Mexicali 2,Mexicali,13,Gamer Headphones,Electronics,14,10,NORMAL,293.86
434,13,Maven Toys Mexicali 2,Mexicali,14,Glass Marbles,Games,21,10,NORMAL,230.79
435,13,Maven Toys Mexicali 2,Mexicali,15,Hot Wheels 5-Pack,Toys,27,10,NORMAL,161.73
436,13,Maven Toys Mexicali 2,Mexicali,16,Jenga,Games,0,10,OUT OF STOCK,0
437,13,Maven Toys Mexicali 2,Mexicali,17,Kids Makeup Kit,Art & Crafts,9,10,LOW STOCK,179.91
438,13,Maven Toys Mexicali 2,Mexicali,18,Lego Bricks,Toys,47,10,NORMAL,1879.53
439,13,Maven Toys Mexicali 2,Mexicali,19,Magic Sand,Art & Crafts,49,10,NORMAL,783.51
440,13,Maven Toys Mexicali 2,Mexicali,20,Mini Basketball Hoop,Sports & Outdoors,0,10,OUT OF STOCK,0
441,13,Maven Toys Mexicali 2,Mexicali,21,Mini Ping Pong Set,Sports & Outdoors,9,10,LOW STOCK,89.91
442,13,Maven Toys Mexicali 2,Mexicali,22,Monopoly,Games,0,10,OUT OF STOCK,0
443,13,Maven Toys Mexicali 2,Mexicali,23,Mr. Potatohead,Toys,6,10,LOW STOCK,59.94
444,13,Maven Toys Mexicali 2,Mexicali,24,Nerf Gun,Sports & Outdoors,24,10,NORMAL,479.76
445,13,Maven Toys Mexicali 2,Mexicali,25,PlayDoh Can,Art & Crafts,37,10,NORMAL,110.63
446,13,Maven Toys Mexicali 2,Mexicali,26,PlayDoh Playset,Art & Crafts,2,10,LOW STOCK,49.98
447,13,Maven Toys Mexicali 2,Mexicali,27,PlayDoh Toolkit,Art & Crafts,56,10,NORMAL,279.44
448,13,Maven Toys Mexicali 2,Mexicali,28,Playfoam,Art & Crafts,0,10,OUT OF STOCK,0
449,13,Maven Toys Mexicali 2,Mexicali,29,Plush Pony,Toys,3,10,LOW STOCK,59.97
450,13,Maven Toys Mexicali 2,Mexicali,30,Rubik's Cube,Games,17,10,NORMAL,339.83
451,13,Maven Toys Mexicali 2,Mexicali,31,Splash Balls,Sports & Outdoors,24,10,NORMAL,215.76
452,13,Maven Toys Mexicali 2,Mexicali,32,Supersoaker Water Gun,Sports & Outdoors,7,10,LOW STOCK,104.93
453,13,Maven Toys Mexicali 2,Mexicali,33,Teddy Bear,Toys,3,10,LOW STOCK,38.97
454,13,Maven Toys Mexicali 2,Mexicali,34,Toy Robot,Electronics,3,10,LOW STOCK,77.97
455,13,Maven Toys Mexicali 2,Mexicali,35,Uno Card Game,Games,0,10,OUT OF STOCK,0
456,14,Maven Toys Guanajuato 1,Guanajuato,1,Action Figure,Toys,21,10,NORMAL,335.79
457,14,Maven Toys Guanajuato 1,Guanajuato,2,Animal Figures,Toys,5,10,LOW STOCK,64.95
458,14,Maven Toys Guanajuato 1,Guanajuato,3,Barrel O' Slime,Art & Crafts,22,10,NORMAL,87.78
459,14,Maven Toys Guanajuato 1,Guanajuato,4,Chutes & Ladders,Games,0,10,OUT OF STOCK,0
460,14,Maven Toys Guanajuato 1,Guanajuato,5,Classic Dominoes,Games,0,10,OUT OF STOCK,0
461,14,Maven Toys Guanajuato 1,Guanajuato,6,Colorbuds,Electronics,18,10,NORMAL,269.82
462,14,Maven Toys Guanajuato 1,Guanajuato,7,Dart Gun,Sports & Outdoors,13,10,NORMAL,207.87
463,14,Maven Toys Guanajuato 1,Guanajuato,8,Deck Of Cards,Games,57,10,NORMAL,398.43
464,14,Maven Toys Guanajuato 1,Guanajuato,9,Dino Egg,Toys,10,10,NORMAL,109.9
465,14,Maven Toys Guanajuato 1,Guanajuato,10,Dinosaur Figures,Toys,32,10,NORMAL,479.68
466,14,Maven Toys Guanajuato 1,Guanajuato,11,Etch A Sketch,Art & Crafts,10,10,NORMAL,209.9
467,14,Maven Toys Guanajuato 1,Guanajuato,12,Foam Disk Launcher,Sports & Outdoors,2,10,LOW STOCK,23.98
468,14,Maven Toys Guanajuato 1,Guanajuato,13,Gamer Headphones,Electronics,14,10,NORMAL,293.86
469,14,Maven Toys Guanajuato 1,Guanajuato,14,Glass Marbles,Games,4,10,LOW STOCK,43.96
470,14,Maven Toys Guanajuato 1,Guanajuato,15,Hot Wheels 5-Pack,Toys,0,10,OUT OF STOCK,0
471,14,Maven Toys Guanajuato 1,Guanajuato,16,Jenga,Games,0,10,OUT OF STOCK,0
472,14,Maven Toys Guanajuato 1,Guanajuato,17,Kids Makeup Kit,Art & Crafts,14,10,NORMAL,279.86
473,14,Maven Toys Guanajuato 1,Guanajuato,18,Lego Bricks,Toys,7,10,LOW STOCK,279.93
474,14,Maven Toys Guanajuato 1,Guanajuato,19,Magic Sand,Art & Crafts,23,10,NORMAL,367.77
475,14,Maven Toys Guanajuato 1,Guanajuato,20,Mini Basketball Hoop,Sports & Outdoors,0,10,OUT OF STOCK,0
476,14,Maven Toys Guanajuato 1,Guanajuato,21,Mini Ping Pong Set,Sports & Outdoors,0,10,OUT OF STOCK,0
477,14,Maven Toys Guanajuato 1,Guanajuato,22,Monopoly,Games,0,10,OUT OF STOCK,0
478,14,Maven Toys Guanajuato 1,Guanajuato,23,Mr. Potatohead,Toys,4,10,LOW STOCK,39.96
479,14,Maven Toys Guanajuato 1,Guanajuato,24,Nerf Gun,Sports & Outdoors,10,10,NORMAL,199.9
480,14,Maven Toys Guanajuato 1,Guanajuato,25,PlayDoh Can,Art & Crafts,15,10,NORMAL,44.85
481,14,Maven Toys Guanajuato 1,Guanajuato,26,PlayDoh Playset,Art & Crafts,3,10,LOW STOCK,74.97
482,14,Maven Toys Guanajuato 1,Guanajuato,27,PlayDoh Toolkit,Art & Crafts,34,10,NORMAL,169.66
483,14,Maven Toys Guanajuato 1,Guanajuato,28,Playfoam,Art & Crafts,22,10,NORMAL,241.78
484,14,Maven Toys Guanajuato 1,Guanajuato,29,Plush Pony,Toys,0,10,OUT OF STOCK,0
485,14,Maven Toys Guanajuato 1,Guanajuato,30,Rubik's Cube,Games,10,10,NORMAL,199.9
486,14,Maven Toys Guanajuato 1,Guanajuato,31,Splash Balls,Sports & Outdoors,5,10,LOW STOCK,44.95
487,14,Maven Toys Guanajuato 1,Guanajuato,32,Supersoaker Water Gun,Sports & Outdoors,2,10,LOW STOCK,29.98
488,14,Maven Toys Guanajuato 1,Guanajuato,33,Teddy Bear,Toys,2,10,LOW STOCK,25.98
489,14,Maven Toys Guanajuato 1,Guanajuato,34,Toy Robot,Electronics,8,10,LOW STOCK,207.92
490,14,Maven Toys Guanajuato 1,Guanajuato,35,Uno Card Game,Games,0,10,OUT OF STOCK,0
491,15,Maven Toys Tuxtla Gutierrez 1,Tuxtla Gutierrez,1,Action Figure,Toys,24,10,NORMAL,383.76
492,15,Maven Toys Tuxtla Gutierrez 1,Tuxtla Gutierrez,2,Animal Figures,Toys,5,10,LOW STOCK,64.95
493,15,Maven Toys Tuxtla Gutierrez 1,Tuxtla Gutierrez,3,Barrel O' Slime,Art & Crafts,3,10,LOW STOCK,11.97
494,15,Maven Toys Tuxtla Gutierrez 1,Tuxtla Gutierrez,4,Chutes & Ladders,Games,0,10,OUT OF STOCK,0
495,15,Maven Toys Tuxtla Gutierrez 1,Tuxtla Gutierrez,5,Classic Dominoes,Games,0,10,OUT OF STOCK,0
496,15,Maven Toys Tuxtla Gutierrez 1,Tuxtla Gutierrez,6,Colorbuds,Electronics,29,10,NORMAL,434.71
497,15,Maven Toys Tuxtla Gutierrez 1,Tuxtla Gutierrez,7,Dart Gun,Sports & Outdoors,10,10,NORMAL,159.9
498,15,Maven Toys Tuxtla Gutierrez 1,Tuxtla Gutierrez,8,Deck Of Cards,Games,40,10,NORMAL,279.6
499,15,Maven Toys Tuxtla Gutierrez 1,Tuxtla Gutierrez,9,Dino Egg,Toys,26,10,NORMAL,285.74
500,15,Maven Toys Tuxtla Gutierrez 1,Tuxtla Gutierrez,10,Dinosaur Figures,Toys,39,10,NORMAL,584.61
501,15,Maven Toys Tuxtla Gutierrez 1,Tuxtla Gutierrez,11,Etch A Sketch,Art & Crafts,28,10,NORMAL,587.72
502,15,Maven Toys Tuxtla Gutierrez 1,Tuxtla Gutierrez,12,Foam Disk Launcher,Sports & Outdoors,0,10,OUT OF STOCK,0
503,15,Maven Toys Tuxtla Gutierrez 1,Tuxtla Gutierrez,13,Gamer Headphones,Electronics,13,10,NORMAL,272.87
504,15,Maven Toys Tuxtla Gutierrez 1,Tuxtla Gutierrez,14,Glass Marbles,Games,20,10,NORMAL,219.8
505,15,Maven Toys Tuxtla Gutierrez 1,Tuxtla Gutierrez,15,Hot Wheels 5-Pack,Toys,2,10,LOW STOCK,11.98
506,15,Maven Toys Tuxtla Gutierrez 1,Tuxtla Gutierrez,16,Jenga,Games,0,10,OUT OF STOCK,0
507,15,Maven Toys Tuxtla Gutierrez 1,Tuxtla Gutierrez,17,Kids Makeup Kit,Art & Crafts,24,10,NORMAL,479.76
508,15,Maven Toys Tuxtla Gutierrez 1,Tuxtla Gutierrez,18,Lego Bricks,Toys,34,10,NORMAL,1359.66
509,15,Maven Toys Tuxtla Gutierrez 1,Tuxtla Gutierrez,19,Magic Sand,Art & Crafts,63,10,NORMAL,1007.37
510,15,Maven Toys Tuxtla Gutierrez 1,Tuxtla Gutierrez,20,Mini Basketball Hoop,Sports & Outdoors,0,10,OUT OF STOCK,0
511,15,Maven Toys Tuxtla Gutierrez 1,Tuxtla Gutierrez,21,Mini Ping Pong Set,Sports & Outdoors,12,10,NORMAL,119.88
512,15,Maven Toys Tuxtla Gutierrez 1,Tuxtla Gutierrez,22,Monopoly,Games,0,10,OUT OF STOCK,0
513,15,Maven Toys Tuxtla Gutierrez 1,Tuxtla Gutierrez,23,Mr. Potatohead,Toys,18,10,NORMAL,179.82
514,15,Maven Toys Tuxtla Gutierrez 1,Tuxtla Gutierrez,24,Nerf Gun,Sports & Outdoors,35,10,NORMAL,699.65
515,15,Maven Toys Tuxtla Gutierrez 1,Tuxtla Gutierrez,25,PlayDoh Can,Art & Crafts,43,10,NORMAL,128.57
516,15,Maven Toys Tuxtla Gutierrez 1,Tuxtla Gutierrez,26,PlayDoh Playset,Art & Crafts,17,10,NORMAL,424.83
517,15,Maven Toys Tuxtla Gutierrez 1,Tuxtla Gutierrez,27,PlayDoh Toolkit,Art & Crafts,26,10,NORMAL,129.74
518,15,Maven Toys Tuxtla Gutierrez 1,Tuxtla Gutierrez,28,Playfoam,Art & Crafts,2,10,LOW STOCK,21.98
519,15,Maven Toys Tuxtla Gutierrez 1,Tuxtla Gutierrez,29,Plush Pony,Toys,13,10,NORMAL,259.87
520,15,Maven Toys Tuxtla Gutierrez 1,Tuxtla Gutierrez,30,Rubik's Cube,Games,13,10,NORMAL,259.87
521,15,Maven Toys Tuxtla Gutierrez 1,Tuxtla Gutierrez,31,Splash Balls,Sports & Outdoors,4,10,LOW STOCK,35.96
522,15,Maven Toys Tuxtla Gutierrez 1,Tuxtla Gutierrez,32,Supersoaker Water Gun,Sports & Outdoors,16,10,NORMAL,239.84
523,15,Maven Toys Tuxtla Gutierrez 1,Tuxtla Gutierrez,33,Teddy Bear,Toys,8,10,LOW STOCK,103.92
524,15,Maven Toys Tuxtla Gutierrez 1,Tuxtla Gutierrez,34,Toy Robot,Electronics,7,10,LOW STOCK,181.93
525,15,Maven Toys Tuxtla Gutierrez 1,Tuxtla Gutierrez,35,Uno Card Game,Games,0,10,OUT OF STOCK,0
526,16,Maven Toys San Luis Potosi 1,San Luis Potosi,1,Action Figure,Toys,13,10,NORMAL,207.87
527,16,Maven Toys San Luis Potosi 1,San Luis Potosi,2,Animal Figures,Toys,28,10,NORMAL,363.72
528,16,Maven Toys San Luis Potosi 1,San Luis Potosi,3,Barrel O' Slime,Art & Crafts,37,10,NORMAL,147.63
529,16,Maven Toys San Luis Potosi 1,San Luis Potosi,4,Chutes & Ladders,Games,7,10,LOW STOCK,90.93
530,16,Maven Toys San Luis Potosi 1,San Luis Potosi,5,Classic Dominoes,Games,14,10,NORMAL,139.86
531,16,Maven Toys San Luis Potosi 1,San Luis Potosi,6,Colorbuds,Electronics,27,10,NORMAL,404.73
532,16,Maven Toys San Luis Potosi 1,San Luis Potosi,7,Dart Gun,Sports & Outdoors,19,10,NORMAL,303.81
533,16,Maven Toys San Luis Potosi 1,San Luis Potosi,8,Deck Of Cards,Games,18,10,NORMAL,125.82
534,16,Maven Toys San Luis Potosi 1,San Luis Potosi,9,Dino Egg,Toys,8,10,LOW STOCK,87.92
535,16,Maven Toys San Luis Potosi 1,San Luis Potosi,10,Dinosaur Figures,Toys,43,10,NORMAL,644.57
536,16,Maven Toys San Luis Potosi 1,San Luis Potosi,11,Etch A Sketch,Art & Crafts,12,10,NORMAL,251.88
537,16,Maven Toys San Luis Potosi 1,San Luis Potosi,12,Foam Disk Launcher,Sports & Outdoors,12,10,NORMAL,143.88
538,16,Maven Toys San Luis Potosi 1,San Luis Potosi,13,Gamer Headphones,Electronics,5,10,LOW STOCK,104.95
539,16,Maven Toys San Luis Potosi 1,San Luis Potosi,14,Glass Marbles,Games,19,10,NORMAL,208.81
540,16,Maven Toys San Luis Potosi 1,San Luis Potosi,15,Hot Wheels 5-Pack,Toys,1,10,LOW STOCK,5.99
541,16,Maven Toys San Luis Potosi 1,San Luis Potosi,16,Jenga,Games,14,10,NORMAL,139.86
542,16,Maven Toys San Luis Potosi 1,San Luis Potosi,17,Kids Makeup Kit,Art & Crafts,14,10,NORMAL,279.86
543,16,Maven Toys San Luis Potosi 1,San Luis Potosi,18,Lego Bricks,Toys,27,10,NORMAL,1079.73
544,16,Maven Toys San Luis Potosi 1,San Luis Potosi,19,Magic Sand,Art & Crafts,29,10,NORMAL,463.71
545,16,Maven Toys San Luis Potosi 1,San Luis Potosi,20,Mini Basketball Hoop,Sports & Outdoors,2,10,LOW STOCK,49.98
546,16,Maven Toys San Luis Potosi 1,San Luis Potosi,21,Mini Ping Pong Set,Sports & Outdoors,54,10,NORMAL,539.46
547,16,Maven Toys San Luis Potosi 1,San Luis Potosi,22,Monopoly,Games,9,10,LOW STOCK,179.91
548,16,Maven Toys San Luis Potosi 1,San Luis Potosi,23,Mr. Potatohead,Toys,2,10,LOW STOCK,19.98
549,16,Maven Toys San Luis Potosi 1,San Luis Potosi,24,Nerf Gun,Sports & Outdoors,6,10,LOW STOCK,119.94
550,16,Maven Toys San Luis Potosi 1,San Luis Potosi,25,PlayDoh Can,Art & Crafts,37,10,NORMAL,110.63
551,16,Maven Toys San Luis Potosi 1,San Luis Potosi,26,PlayDoh Playset,Art & Crafts,19,10,NORMAL,474.81
552,16,Maven Toys San Luis Potosi 1,San Luis Potosi,27,PlayDoh Toolkit,Art & Crafts,15,10,NORMAL,74.85
553,16,Maven Toys San Luis Potosi 1,San Luis Potosi,28,Playfoam,Art & Crafts,0,10,OUT OF STOCK,0
554,16,Maven Toys San Luis Potosi 1,San Luis Potosi,29,Plush Pony,Toys,7,10,LOW STOCK,139.93
555,16,Maven Toys San Luis Potosi 1,San Luis Potosi,30,Rubik's Cube,Games,49,10,NORMAL,979.51
556,16,Maven Toys San Luis Potosi 1,San Luis Potosi,31,Splash Balls,Sports & Outdoors,14,10,NORMAL,125.86
557,16,Maven Toys San Luis Potosi 1,San Luis Potosi,32,Supersoaker Water Gun,Sports & Outdoors,7,10,LOW STOCK,104.93
558,16,Maven Toys San Luis Potosi 1,San Luis Potosi,33,Teddy Bear,Toys,6,10,LOW STOCK,77.94
559,16,Maven Toys San Luis Potosi 1,San Luis Potosi,34,Toy Robot,Electronics,2,10,LOW STOCK,51.98
560,16,Maven Toys San Luis Potosi 1,San Luis Potosi,35,Uno Card Game,Games,6,10,LOW STOCK,47.94
561,17,Maven Toys Toluca 1,Toluca,1,Action Figure,Toys,22,10,NORMAL,351.78
562,17,Maven Toys Toluca 1,Toluca,2,Animal Figures,Toys,15,10,NORMAL,194.85
563,17,Maven Toys Toluca 1,Toluca,3,Barrel O' Slime,Art & Crafts,8,10,LOW STOCK,31.92
564,17,Maven Toys Toluca 1,Toluca,4,Chutes & Ladders,Games,0,10,OUT OF STOCK,0
565,17,Maven Toys Toluca 1,Toluca,5,Classic Dominoes,Games,0,10,OUT OF STOCK,0
566,17,Maven Toys Toluca 1,Toluca,6,Colorbuds,Electronics,16,10,NORMAL,239.84
567,17,Maven Toys Toluca 1,Toluca,7,Dart Gun,Sports & Outdoors,20,10,NORMAL,319.8
568,17,Maven Toys Toluca 1,Toluca,8,Deck Of Cards,Games,20,10,NORMAL,139.8
569,17,Maven Toys Toluca 1,Toluca,9,Dino Egg,Toys,7,10,LOW STOCK,76.93
570,17,Maven Toys Toluca 1,Toluca,10,Dinosaur Figures,Toys,67,10,NORMAL,1004.33
571,17,Maven Toys Toluca 1,Toluca,11,Etch A Sketch,Art & Crafts,6,10,LOW STOCK,125.94
572,17,Maven Toys Toluca 1,Toluca,12,Foam Disk Launcher,Sports & Outdoors,10,10,NORMAL,119.9
573,17,Maven Toys Toluca 1,Toluca,13,Gamer Headphones,Electronics,16,10,NORMAL,335.84
574,17,Maven Toys Toluca 1,Toluca,14,Glass Marbles,Games,4,10,LOW STOCK,43.96
575,17,Maven Toys Toluca 1,Toluca,15,Hot Wheels 5-Pack,Toys,11,10,NORMAL,65.89
576,17,Maven Toys Toluca 1,Toluca,16,Jenga,Games,0,10,OUT OF STOCK,0
577,17,Maven Toys Toluca 1,Toluca,17,Kids Makeup Kit,Art & Crafts,27,10,NORMAL,539.73
578,17,Maven Toys Toluca 1,Toluca,18,Lego Bricks,Toys,27,10,NORMAL,1079.73
579,17,Maven Toys Toluca 1,Toluca,19,Magic Sand,Art & Crafts,53,10,NORMAL,847.47
580,17,Maven Toys Toluca 1,Toluca,20,Mini Basketball Hoop,Sports & Outdoors,0,10,OUT OF STOCK,0
581,17,Maven Toys Toluca 1,Toluca,21,Mini Ping Pong Set,Sports & Outdoors,27,10,NORMAL,269.73
582,17,Maven Toys Toluca 1,Toluca,22,Monopoly,Games,0,10,OUT OF STOCK,0
583,17,Maven Toys Toluca 1,Toluca,23,Mr. Potatohead,Toys,13,10,NORMAL,129.87
584,17,Maven Toys Toluca 1,Toluca,24,Nerf Gun,Sports & Outdoors,27,10,NORMAL,539.73
585,17,Maven Toys Toluca 1,Toluca,25,PlayDoh Can,Art & Crafts,59,10,NORMAL,176.41
586,17,Maven Toys Toluca 1,Toluca,26,PlayDoh Playset,Art & Crafts,25,10,NORMAL,624.75
587,17,Maven Toys Toluca 1,Toluca,27,PlayDoh Toolkit,Art & Crafts,12,10,NORMAL,59.88
588,17,Maven Toys Toluca 1,Toluca,28,Playfoam,Art & Crafts,3,10,LOW STOCK,32.97
589,17,Maven Toys Toluca 1,Toluca,29,Plush Pony,Toys,16,10,NORMAL,319.84
590,17,Maven Toys Toluca 1,Toluca,30,Rubik's Cube,Games,22,10,NORMAL,439.78
591,17,Maven Toys Toluca 1,Toluca,31,Splash Balls,Sports & Outdoors,20,10,NORMAL,179.8
592,17,Maven Toys Toluca 1,Toluca,32,Supersoaker Water Gun,Sports & Outdoors,15,10,NORMAL,224.85
593,17,Maven Toys Toluca 1,Toluca,33,Teddy Bear,Toys,27,10,NORMAL,350.73
594,17,Maven Toys Toluca 1,Toluca,34,Toy Robot,Electronics,11,10,NORMAL,285.89
595,17,Maven Toys Toluca 1,Toluca,35,Uno Card Game,Games,0,10,OUT OF STOCK,0
596,18,Maven Toys Merida 1,Merida,1,Action Figure,Toys,1,10,LOW STOCK,15.99
597,18,Maven Toys Merida 1,Merida,2,Animal Figures,Toys,12,10,NORMAL,155.88
598,18,Maven Toys Merida 1,Merida,3,Barrel O' Slime,Art & Crafts,64,10,NORMAL,255.36
599,18,Maven Toys Merida 1,Merida,4,Chutes & Ladders,Games,10,10,NORMAL,129.9
600,18,Maven Toys Merida 1,Merida,5,Classic Dominoes,Games,7,10,LOW STOCK,69.93
601,18,Maven Toys Merida 1,Merida,6,Colorbuds,Electronics,22,10,NORMAL,329.78
602,18,Maven Toys Merida 1,Merida,7,Dart Gun,Sports & Outdoors,16,10,NORMAL,255.84
603,18,Maven Toys Merida 1,Merida,8,Deck Of Cards,Games,52,10,NORMAL,363.48
604,18,Maven Toys Merida 1,Merida,9,Dino Egg,Toys,50,10,NORMAL,549.5
605,18,Maven Toys Merida 1,Merida,10,Dinosaur Figures,Toys,16,10,NORMAL,239.84
606,18,Maven Toys Merida 1,Merida,11,Etch A Sketch,Art & Crafts,12,10,NORMAL,251.88
607,18,Maven Toys Merida 1,Merida,12,Foam Disk Launcher,Sports & Outdoors,3,10,LOW STOCK,35.97
608,18,Maven Toys Merida 1,Merida,13,Gamer Headphones,Electronics,30,10,NORMAL,629.7
609,18,Maven Toys Merida 1,Merida,14,Glass Marbles,Games,67,10,NORMAL,736.33
610,18,Maven Toys Merida 1,Merida,15,Hot Wheels 5-Pack,Toys,5,10,LOW STOCK,29.95
611,18,Maven Toys Merida 1,Merida,16,Jenga,Games,10,10,NORMAL,99.9
612,18,Maven Toys Merida 1,Merida,17,Kids Makeup Kit,Art & Crafts,19,10,NORMAL,379.81
613,18,Maven Toys Merida 1,Merida,18,Lego Bricks,Toys,29,10,NORMAL,1159.71
614,18,Maven Toys Merida 1,Merida,19,Magic Sand,Art & Crafts,15,10,NORMAL,239.85
615,18,Maven Toys Merida 1,Merida,20,Mini Basketball Hoop,Sports & Outdoors,3,10,LOW STOCK,74.97
616,18,Maven Toys Merida 1,Merida,21,Mini Ping Pong Set,Sports & Outdoors,29,10,NORMAL,289.71
617,18,Maven Toys Merida 1,Merida,22,Monopoly,Games,18,10,NORMAL,359.82
618,18,Maven Toys Merida 1,Merida,23,Mr. Potatohead,Toys,16,10,NORMAL,159.84
619,18,Maven Toys Merida 1,Merida,24,Nerf Gun,Sports & Outdoors,26,10,NORMAL,519.74
620,18,Maven Toys Merida 1,Merida,25,PlayDoh Can,Art & Crafts,74,10,NORMAL,221.26
621,18,Maven Toys Merida 1,Merida,26,PlayDoh Playset,Art & Crafts,2,10,LOW STOCK,49.98
622,18,Maven Toys Merida 1,Merida,27,PlayDoh Toolkit,Art & Crafts,40,10,NORMAL,199.6
623,18,Maven Toys Merida 1,Merida,28,Playfoam,Art & Crafts,0,10,OUT OF STOCK,0
624,18,Maven Toys Merida 1,Merida,29,Plush Pony,Toys,28,10,NORMAL,559.72
625,18,Maven Toys Merida 1,Merida,30,Rubik's Cube,Games,15,10,NORMAL,299.85
626,18,Maven Toys Merida 1,Merida,31,Splash Balls,Sports & Outdoors,4,10,LOW STOCK,35.96
627,18,Maven Toys Merida 1,Merida,32,Supersoaker Water Gun,Sports & Outdoors,9,10,LOW STOCK,134.91
628,18,Maven Toys Merida 1,Merida,33,Teddy Bear,Toys,9,10,LOW STOCK,116.91
629,18,Maven Toys Merida 1,Merida,34,Toy Robot,Electronics,8,10,LOW STOCK,207.92
630,18,Maven Toys Merida 1,Merida,35,Uno Card Game,Games,10,10,NORMAL,79.9
631,19,Maven Toys Puebla 1,Puebla,1,Action Figure,Toys,5,10,LOW STOCK,79.95
632,19,Maven Toys Puebla 1,Puebla,2,Animal Figures,Toys,14,10,NORMAL,181.86
633,19,Maven Toys Puebla 1,Puebla,3,Barrel O' Slime,Art & Crafts,7,10,LOW STOCK,27.93
634,19,Maven Toys Puebla 1,Puebla,4,Chutes & Ladders,Games,18,10,NORMAL,233.82
635,19,Maven Toys Puebla 1,Puebla,5,Classic Dominoes,Games,17,10,NORMAL,169.83
636,19,Maven Toys Puebla 1,Puebla,6,Colorbuds,Electronics,11,10,NORMAL,164.89
637,19,Maven Toys Puebla 1,Puebla,7,Dart Gun,Sports & Outdoors,16,10,NORMAL,255.84
638,19,Maven Toys Puebla 1,Puebla,8,Deck Of Cards,Games,84,10,NORMAL,587.16
639,19,Maven Toys Puebla 1,Puebla,9,Dino Egg,Toys,8,10,LOW STOCK,87.92
640,19,Maven Toys Puebla 1,Puebla,10,Dinosaur Figures,Toys,45,10,NORMAL,674.55
641,19,Maven Toys Puebla 1,Puebla,11,Etch A Sketch,Art & Crafts,0,10,OUT OF STOCK,0
642,19,Maven Toys Puebla 1,Puebla,12,Foam Disk Launcher,Sports & Outdoors,3,10,LOW STOCK,35.97
643,19,Maven Toys Puebla 1,Puebla,13,Gamer Headphones,Electronics,7,10,LOW STOCK,146.93
644,19,Maven Toys Puebla 1,Puebla,14,Glass Marbles,Games,4,10,LOW STOCK,43.96
645,19,Maven Toys Puebla 1,Puebla,15,Hot Wheels 5-Pack,Toys,0,10,OUT OF STOCK,0
646,19,Maven Toys Puebla 1,Puebla,16,Jenga,Games,2,10,LOW STOCK,19.98
647,19,Maven Toys Puebla 1,Puebla,17,Kids Makeup Kit,Art & Crafts,5,10,LOW STOCK,99.95
648,19,Maven Toys Puebla 1,Puebla,18,Lego Bricks,Toys,19,10,NORMAL,759.81
649,19,Maven Toys Puebla 1,Puebla,19,Magic Sand,Art & Crafts,37,10,NORMAL,591.63
650,19,Maven Toys Puebla 1,Puebla,20,Mini Basketball Hoop,Sports & Outdoors,11,10,NORMAL,274.89
651,19,Maven Toys Puebla 1,Puebla,21,Mini Ping Pong Set,Sports & Outdoors,24,10,NORMAL,239.76
652,19,Maven Toys Puebla 1,Puebla,22,Monopoly,Games,3,10,LOW STOCK,59.97
653,19,Maven Toys Puebla 1,Puebla,23,Mr. Potatohead,Toys,10,10,NORMAL,99.9
654,19,Maven Toys Puebla 1,Puebla,24,Nerf Gun,Sports & Outdoors,16,10,NORMAL,319.84
655,19,Maven Toys Puebla 1,Puebla,25,PlayDoh Can,Art & Crafts,18,10,NORMAL,53.82
656,19,Maven Toys Puebla 1,Puebla,26,PlayDoh Playset,Art & Crafts,5,10,LOW STOCK,124.95
657,19,Maven Toys Puebla 1,Puebla,27,PlayDoh Toolkit,Art & Crafts,27,10,NORMAL,134.73
658,19,Maven Toys Puebla 1,Puebla,28,Playfoam,Art & Crafts,6,10,LOW STOCK,65.94
659,19,Maven Toys Puebla 1,Puebla,29,Plush Pony,Toys,29,10,NORMAL,579.71
660,19,Maven Toys Puebla 1,Puebla,30,Rubik's Cube,Games,7,10,LOW STOCK,139.93
661,19,Maven Toys Puebla 1,Puebla,31,Splash Balls,Sports & Outdoors,4,10,LOW STOCK,35.96
662,19,Maven Toys Puebla 1,Puebla,32,Supersoaker Water Gun,Sports & Outdoors,5,10,LOW STOCK,74.95
663,19,Maven Toys Puebla 1,Puebla,33,Teddy Bear,Toys,0,10,OUT OF STOCK,0
664,19,Maven Toys Puebla 1,Puebla,34,Toy Robot,Electronics,15,10,NORMAL,389.85
665,19,Maven Toys Puebla 1,Puebla,35,Uno Card Game,Games,14,10,NORMAL,111.86
666,20,Maven Toys Zacatecas 1,Zacatecas,1,Action Figure,Toys,38,10,NORMAL,607.62
667,20,Maven Toys Zacatecas 1,Zacatecas,2,Animal Figures,Toys,2,10,LOW STOCK,25.98
668,20,Maven Toys Zacatecas 1,Zacatecas,3,Barrel O' Slime,Art & Crafts,24,10,NORMAL,95.76
669,20,Maven Toys Zacatecas 1,Zacatecas,4,Chutes & Ladders,Games,0,10,OUT OF STOCK,0
670,20,Maven Toys Zacatecas 1,Zacatecas,5,Classic Dominoes,Games,0,10,OUT OF STOCK,0
671,20,Maven Toys Zacatecas 1,Zacatecas,6,Colorbuds,Electronics,4,10,LOW STOCK,59.96
672,20,Maven Toys Zacatecas 1,Zacatecas,7,Dart Gun,Sports & Outdoors,9,10,LOW STOCK,143.91
673,20,Maven Toys Zacatecas 1,Zacatecas,8,Deck Of Cards,Games,26,10,NORMAL,181.74
674,20,Maven Toys Zacatecas 1,Zacatecas,9,Dino Egg,Toys,9,10,LOW STOCK,98.91
675,20,Maven Toys Zacatecas 1,Zacatecas,10,Dinosaur Figures,Toys,34,10,NORMAL,509.66
676,20,Maven Toys Zacatecas 1,Zacatecas,11,Etch A Sketch,Art & Crafts,3,10,LOW STOCK,62.97
677,20,Maven Toys Zacatecas 1,Zacatecas,12,Foam Disk Launcher,Sports & Outdoors,4,10,LOW STOCK,47.96
678,20,Maven Toys Zacatecas 1,Zacatecas,13,Gamer Headphones,Electronics,11,10,NORMAL,230.89
679,20,Maven Toys Zacatecas 1,Zacatecas,14,Glass Marbles,Games,6,10,LOW STOCK,65.94
680,20,Maven Toys Zacatecas 1,Zacatecas,15,Hot Wheels 5-Pack,Toys,36,10,NORMAL,215.64
681,20,Maven Toys Zacatecas 1,Zacatecas,16,Jenga,Games,0,10,OUT OF STOCK,0
682,20,Maven Toys Zacatecas 1,Zacatecas,17,Kids Makeup Kit,Art & Crafts,23,10,NORMAL,459.77
683,20,Maven Toys Zacatecas 1,Zacatecas,18,Lego Bricks,Toys,8,10,LOW STOCK,319.92
684,20,Maven Toys Zacatecas 1,Zacatecas,19,Magic Sand,Art & Crafts,2,10,LOW STOCK,31.98
685,20,Maven Toys Zacatecas 1,Zacatecas,20,Mini Basketball Hoop,Sports & Outdoors,0,10,OUT OF STOCK,0
686,20,Maven Toys Zacatecas 1,Zacatecas,21,Mini Ping Pong Set,Sports & Outdoors,0,10,OUT OF STOCK,0
687,20,Maven Toys Zacatecas 1,Zacatecas,22,Monopoly,Games,0,10,OUT OF STOCK,0
688,20,Maven Toys Zacatecas 1,Zacatecas,23,Mr. Potatohead,Toys,12,10,NORMAL,119.88
689,20,Maven Toys Zacatecas 1,Zacatecas,24,Nerf Gun,Sports & Outdoors,18,10,NORMAL,359.82
690,20,Maven Toys Zacatecas 1,Zacatecas,25,PlayDoh Can,Art & Crafts,92,10,NORMAL,275.08
691,20,Maven Toys Zacatecas 1,Zacatecas,26,PlayDoh Playset,Art & Crafts,12,10,NORMAL,299.88
692,20,Maven Toys Zacatecas 1,Zacatecas,27,PlayDoh Toolkit,Art & Crafts,12,10,NORMAL,59.88
693,20,Maven Toys Zacatecas 1,Zacatecas,28,Playfoam,Art & Crafts,3,10,LOW STOCK,32.97
694,20,Maven Toys Zacatecas 1,Zacatecas,29,Plush Pony,Toys,9,10,LOW STOCK,179.91
695,20,Maven Toys Zacatecas 1,Zacatecas,30,Rubik's Cube,Games,17,10,NORMAL,339.83
696,20,Maven Toys Zacatecas 1,Zacatecas,31,Splash Balls,Sports & Outdoors,10,10,NORMAL,89.9
697,20,Maven Toys Zacatecas 1,Zacatecas,32,Supersoaker Water Gun,Sports & Outdoors,9,10,LOW STOCK,134.91
698,20,Maven Toys Zacatecas 1,Zacatecas,33,Teddy Bear,Toys,28,10,NORMAL,363.72
699,20,Maven Toys Zacatecas 1,Zacatecas,34,Toy Robot,Electronics,19,10,NORMAL,493.81
700,20,Maven Toys Zacatecas 1,Zacatecas,35,Uno Card Game,Games,0,10,OUT OF STOCK,0
701,21,Maven Toys Santiago 1,Santiago,1,Action Figure,Toys,7,10,LOW STOCK,111.93
702,21,Maven Toys Santiago 1,Santiago,2,Animal Figures,Toys,24,10,NORMAL,311.76
703,21,Maven Toys Santiago 1,Santiago,3,Barrel O' Slime,Art & Crafts,74,10,NORMAL,295.26
704,21,Maven Toys Santiago 1,Santiago,4,Chutes & Ladders,Games,0,10,OUT OF STOCK,0
705,21,Maven Toys Santiago 1,Santiago,5,Classic Dominoes,Games,0,10,OUT OF STOCK,0
706,21,Maven Toys Santiago 1,Santiago,6,Colorbuds,Electronics,10,10,NORMAL,149.9
707,21,Maven Toys Santiago 1,Santiago,7,Dart Gun,Sports & Outdoors,8,10,LOW STOCK,127.92
708,21,Maven Toys Santiago 1,Santiago,8,Deck Of Cards,Games,11,10,NORMAL,76.89
709,21,Maven Toys Santiago 1,Santiago,9,Dino Egg,Toys,26,10,NORMAL,285.74
710,21,Maven Toys Santiago 1,Santiago,10,Dinosaur Figures,Toys,13,10,NORMAL,194.87
711,21,Maven Toys Santiago 1,Santiago,11,Etch A Sketch,Art & Crafts,11,10,NORMAL,230.89
712,21,Maven Toys Santiago 1,Santiago,12,Foam Disk Launcher,Sports & Outdoors,21,10,NORMAL,251.79
713,21,Maven Toys Santiago 1,Santiago,13,Gamer Headphones,Electronics,5,10,LOW STOCK,104.95
714,21,Maven Toys Santiago 1,Santiago,14,Glass Marbles,Games,4,10,LOW STOCK,43.96
715,21,Maven Toys Santiago 1,Santiago,15,Hot Wheels 5-Pack,Toys,9,10,LOW STOCK,53.91
716,21,Maven Toys Santiago 1,Santiago,16,Jenga,Games,0,10,OUT OF STOCK,0
717,21,Maven Toys Santiago 1,Santiago,17,Kids Makeup Kit,Art & Crafts,4,10,LOW STOCK,79.96
718,21,Maven Toys Santiago 1,Santiago,18,Lego Bricks,Toys,6,10,LOW STOCK,239.94
719,21,Maven Toys Santiago 1,Santiago,19,Magic Sand,Art & Crafts,49,10,NORMAL,783.51
720,21,Maven Toys Santiago 1,Santiago,20,Mini Basketball Hoop,Sports & Outdoors,0,10,OUT OF STOCK,0
721,21,Maven Toys Santiago 1,Santiago,21,Mini Ping Pong Set,Sports & Outdoors,14,10,NORMAL,139.86
722,21,Maven Toys Santiago 1,Santiago,22,Monopoly,Games,0,10,OUT OF STOCK,0
723,21,Maven Toys Santiago 1,Santiago,23,Mr. Potatohead,Toys,30,10,NORMAL,299.7
724,21,Maven Toys Santiago 1,Santiago,24,Nerf Gun,Sports & Outdoors,19,10,NORMAL,379.81
725,21,Maven Toys Santiago 1,Santiago,25,PlayDoh Can,Art & Crafts,46,10,NORMAL,137.54
726,21,Maven Toys Santiago 1,Santiago,26,PlayDoh Playset,Art & Crafts,21,10,NORMAL,524.79
727,21,Maven Toys Santiago 1,Santiago,27,PlayDoh Toolkit,Art & Crafts,54,10,NORMAL,269.46
728,21,Maven Toys Santiago 1,Santiago,28,Playfoam,Art & Crafts,7,10,LOW STOCK,76.93
729,21,Maven Toys Santiago 1,Santiago,29,Plush Pony,Toys,8,10,LOW STOCK,159.92
730,21,Maven Toys Santiago 1,Santiago,30,Rubik's Cube,Games,49,10,NORMAL,979.51
731,21,Maven Toys Santiago 1,Santiago,31,Splash Balls,Sports & Outdoors,19,10,NORMAL,170.81
732,21,Maven Toys Santiago 1,Santiago,32,Supersoaker Water Gun,Sports & Outdoors,3,10,LOW STOCK,44.97
733,21,Maven Toys Santiago 1,Santiago,33,Teddy Bear,Toys,16,10,NORMAL,207.84
734,21,Maven Toys Santiago 1,Santiago,34,Toy Robot,Electronics,16,10,NORMAL,415.84
735,21,Maven Toys Santiago 1,Santiago,35,Uno Card Game,Games,0,10,OUT OF STOCK,0
736,22,Maven Toys Guanajuato 2,Guanajuato,1,Action Figure,Toys,10,10,NORMAL,159.9
737,22,Maven Toys Guanajuato 2,Guanajuato,2,Animal Figures,Toys,25,10,NORMAL,324.75
738,22,Maven Toys Guanajuato 2,Guanajuato,3,Barrel O' Slime,Art & Crafts,0,10,OUT OF STOCK,0
739,22,Maven Toys Guanajuato 2,Guanajuato,4,Chutes & Ladders,Games,6,10,LOW STOCK,77.94
740,22,Maven Toys Guanajuato 2,Guanajuato,5,Classic Dominoes,Games,14,10,NORMAL,139.86
741,22,Maven Toys Guanajuato 2,Guanajuato,6,Colorbuds,Electronics,8,10,LOW STOCK,119.92
742,22,Maven Toys Guanajuato 2,Guanajuato,7,Dart Gun,Sports & Outdoors,30,10,NORMAL,479.7
743,22,Maven Toys Guanajuato 2,Guanajuato,8,Deck Of Cards,Games,71,10,NORMAL,496.29
744,22,Maven Toys Guanajuato 2,Guanajuato,9,Dino Egg,Toys,14,10,NORMAL,153.86
745,22,Maven Toys Guanajuato 2,Guanajuato,10,Dinosaur Figures,Toys,64,10,NORMAL,959.36
746,22,Maven Toys Guanajuato 2,Guanajuato,11,Etch A Sketch,Art & Crafts,7,10,LOW STOCK,146.93
747,22,Maven Toys Guanajuato 2,Guanajuato,12,Foam Disk Launcher,Sports & Outdoors,3,10,LOW STOCK,35.97
748,22,Maven Toys Guanajuato 2,Guanajuato,13,Gamer Headphones,Electronics,19,10,NORMAL,398.81
749,22,Maven Toys Guanajuato 2,Guanajuato,14,Glass Marbles,Games,5,10,LOW STOCK,54.95
750,22,Maven Toys Guanajuato 2,Guanajuato,15,Hot Wheels 5-Pack,Toys,0,10,OUT OF STOCK,0
751,22,Maven Toys Guanajuato 2,Guanajuato,16,Jenga,Games,3,10,LOW STOCK,29.97
752,22,Maven Toys Guanajuato 2,Guanajuato,17,Kids Makeup Kit,Art & Crafts,10,10,NORMAL,199.9
753,22,Maven Toys Guanajuato 2,Guanajuato,18,Lego Bricks,Toys,13,10,NORMAL,519.87
754,22,Maven Toys Guanajuato 2,Guanajuato,19,Magic Sand,Art & Crafts,17,10,NORMAL,271.83
755,22,Maven Toys Guanajuato 2,Guanajuato,20,Mini Basketball Hoop,Sports & Outdoors,18,10,NORMAL,449.82
756,22,Maven Toys Guanajuato 2,Guanajuato,21,Mini Ping Pong Set,Sports & Outdoors,30,10,NORMAL,299.7
757,22,Maven Toys Guanajuato 2,Guanajuato,22,Monopoly,Games,4,10,LOW STOCK,79.96
758,22,Maven Toys Guanajuato 2,Guanajuato,23,Mr. Potatohead,Toys,7,10,LOW STOCK,69.93
759,22,Maven Toys Guanajuato 2,Guanajuato,24,Nerf Gun,Sports & Outdoors,29,10,NORMAL,579.71
760,22,Maven Toys Guanajuato 2,Guanajuato,25,PlayDoh Can,Art & Crafts,6,10,LOW STOCK,17.94
761,22,Maven Toys Guanajuato 2,Guanajuato,26,PlayDoh Playset,Art & Crafts,15,10,NORMAL,374.85
762,22,Maven Toys Guanajuato 2,Guanajuato,27,PlayDoh Toolkit,Art & Crafts,45,10,NORMAL,224.55
763,22,Maven Toys Guanajuato 2,Guanajuato,28,Playfoam,Art & Crafts,0,10,OUT OF STOCK,0
764,22,Maven Toys Guanajuato 2,Guanajuato,29,Plush Pony,Toys,5,10,LOW STOCK,99.95
765,22,Maven Toys Guanajuato 2,Guanajuato,30,Rubik's Cube,Games,22,10,NORMAL,439.78
766,22,Maven Toys Guanajuato 2,Guanajuato,31,Splash Balls,Sports & Outdoors,34,10,NORMAL,305.66
767,22,Maven Toys Guanajuato 2,Guanajuato,32,Supersoaker Water Gun,Sports & Outdoors,38,10,NORMAL,569.62
768,22,Maven Toys Guanajuato 2,Guanajuato,33,Teddy Bear,Toys,8,10,LOW STOCK,103.92
769,22,Maven Toys Guanajuato 2,Guanajuato,34,Toy Robot,Electronics,6,10,LOW STOCK,155.94
770,22,Maven Toys Guanajuato 2,Guanajuato,35,Uno Card Game,Games,2,10,LOW STOCK,15.98
771,23,Maven Toys Chihuahua 1,Chihuahua,1,Action Figure,Toys,4,10,LOW STOCK,63.96
772,23,Maven Toys Chihuahua 1,Chihuahua,2,Animal Figures,Toys,11,10,NORMAL,142.89
773,23,Maven Toys Chihuahua 1,Chihuahua,3,Barrel O' Slime,Art & Crafts,5,10,LOW STOCK,19.95
774,23,Maven Toys Chihuahua 1,Chihuahua,4,Chutes & Ladders,Games,3,10,LOW STOCK,38.97
775,23,Maven Toys Chihuahua 1,Chihuahua,5,Classic Dominoes,Games,4,10,LOW STOCK,39.96
776,23,Maven Toys Chihuahua 1,Chihuahua,6,Colorbuds,Electronics,17,10,NORMAL,254.83
777,23,Maven Toys Chihuahua 1,Chihuahua,7,Dart Gun,Sports & Outdoors,11,10,NORMAL,175.89
778,23,Maven Toys Chihuahua 1,Chihuahua,8,Deck Of Cards,Games,32,10,NORMAL,223.68
779,23,Maven Toys Chihuahua 1,Chihuahua,9,Dino Egg,Toys,9,10,LOW STOCK,98.91
780,23,Maven Toys Chihuahua 1,Chihuahua,10,Dinosaur Figures,Toys,35,10,NORMAL,524.65
781,23,Maven Toys Chihuahua 1,Chihuahua,11,Etch A Sketch,Art & Crafts,18,10,NORMAL,377.82
782,23,Maven Toys Chihuahua 1,Chihuahua,12,Foam Disk Launcher,Sports & Outdoors,14,10,NORMAL,167.86
783,23,Maven Toys Chihuahua 1,Chihuahua,13,Gamer Headphones,Electronics,31,10,NORMAL,650.69
784,23,Maven Toys Chihuahua 1,Chihuahua,14,Glass Marbles,Games,7,10,LOW STOCK,76.93
785,23,Maven Toys Chihuahua 1,Chihuahua,15,Hot Wheels 5-Pack,Toys,14,10,NORMAL,83.86
786,23,Maven Toys Chihuahua 1,Chihuahua,16,Jenga,Games,7,10,LOW STOCK,69.93
787,23,Maven Toys Chihuahua 1,Chihuahua,17,Kids Makeup Kit,Art & Crafts,9,10,LOW STOCK,179.91
788,23,Maven Toys Chihuahua 1,Chihuahua,18,Lego Bricks,Toys,42,10,NORMAL,1679.58
789,23,Maven Toys Chihuahua 1,Chihuahua,19,Magic Sand,Art & Crafts,27,10,NORMAL,431.73
790,23,Maven Toys Chihuahua 1,Chihuahua,20,Mini Basketball Hoop,Sports & Outdoors,2,10,LOW STOCK,49.98
791,23,Maven Toys Chihuahua 1,Chihuahua,21,Mini Ping Pong Set,Sports & Outdoors,30,10,NORMAL,299.7
792,23,Maven Toys Chihuahua 1,Chihuahua,22,Monopoly,Games,11,10,NORMAL,219.89
793,23,Maven Toys Chihuahua 1,Chihuahua,23,Mr. Potatohead,Toys,8,10,LOW STOCK,79.92
794,23,Maven Toys Chihuahua 1,Chihuahua,24,Nerf Gun,Sports & Outdoors,40,10,NORMAL,799.6
795,23,Maven Toys Chihuahua 1,Chihuahua,25,PlayDoh Can,Art & Crafts,38,10,NORMAL,113.62
796,23,Maven Toys Chihuahua 1,Chihuahua,26,PlayDoh Playset,Art & Crafts,15,10,NORMAL,374.85
797,23,Maven Toys Chihuahua 1,Chihuahua,27,PlayDoh Toolkit,Art & Crafts,7,10,LOW STOCK,34.93
798,23,Maven Toys Chihuahua 1,Chihuahua,28,Playfoam,Art & Crafts,48,10,NORMAL,527.52
799,23,Maven Toys Chihuahua 1,Chihuahua,29,Plush Pony,Toys,9,10,LOW STOCK,179.91
800,23,Maven Toys Chihuahua 1,Chihuahua,30,Rubik's Cube,Games,38,10,NORMAL,759.62
801,23,Maven Toys Chihuahua 1,Chihuahua,31,Splash Balls,Sports & Outdoors,19,10,NORMAL,170.81
802,23,Maven Toys Chihuahua 1,Chihuahua,32,Supersoaker Water Gun,Sports & Outdoors,11,10,NORMAL,164.89
803,23,Maven Toys Chihuahua 1,Chihuahua,33,Teddy Bear,Toys,6,10,LOW STOCK,77.94
804,23,Maven Toys Chihuahua 1,Chihuahua,34,Toy Robot,Electronics,18,10,NORMAL,467.82
805,23,Maven Toys Chihuahua 1,Chihuahua,35,Uno Card Game,Games,4,10,LOW STOCK,31.96
806,24,Maven Toys Aguascalientes 1,Aguascalientes,1,Action Figure,Toys,11,10,NORMAL,175.89
807,24,Maven Toys Aguascalientes 1,Aguascalientes,2,Animal Figures,Toys,25,10,NORMAL,324.75
808,24,Maven Toys Aguascalientes 1,Aguascalientes,3,Barrel O' Slime,Art & Crafts,13,10,NORMAL,51.87
809,24,Maven Toys Aguascalientes 1,Aguascalientes,4,Chutes & Ladders,Games,1,10,LOW STOCK,12.99
810,24,Maven Toys Aguascalientes 1,Aguascalientes,5,Classic Dominoes,Games,4,10,LOW STOCK,39.96
811,24,Maven Toys Aguascalientes 1,Aguascalientes,6,Colorbuds,Electronics,46,10,NORMAL,689.54
812,24,Maven Toys Aguascalientes 1,Aguascalientes,7,Dart Gun,Sports & Outdoors,15,10,NORMAL,239.85
813,24,Maven Toys Aguascalientes 1,Aguascalientes,8,Deck Of Cards,Games,53,10,NORMAL,370.47
814,24,Maven Toys Aguascalientes 1,Aguascalientes,9,Dino Egg,Toys,19,10,NORMAL,208.81
815,24,Maven Toys Aguascalientes 1,Aguascalientes,10,Dinosaur Figures,Toys,19,10,NORMAL,284.81
816,24,Maven Toys Aguascalientes 1,Aguascalientes,11,Etch A Sketch,Art & Crafts,13,10,NORMAL,272.87
817,24,Maven Toys Aguascalientes 1,Aguascalientes,12,Foam Disk Launcher,Sports & Outdoors,0,10,OUT OF STOCK,0
818,24,Maven Toys Aguascalientes 1,Aguascalientes,13,Gamer Headphones,Electronics,10,10,NORMAL,209.9
819,24,Maven Toys Aguascalientes 1,Aguascalientes,14,Glass Marbles,Games,36,10,NORMAL,395.64
820,24,Maven Toys Aguascalientes 1,Aguascalientes,15,Hot Wheels 5-Pack,Toys,0,10,OUT OF STOCK,0
821,24,Maven Toys Aguascalientes 1,Aguascalientes,16,Jenga,Games,3,10,LOW STOCK,29.97
822,24,Maven Toys Aguascalientes 1,Aguascalientes,17,Kids Makeup Kit,Art & Crafts,27,10,NORMAL,539.73
823,24,Maven Toys Aguascalientes 1,Aguascalientes,18,Lego Bricks,Toys,20,10,NORMAL,799.8
824,24,Maven Toys Aguascalientes 1,Aguascalientes,19,Magic Sand,Art & Crafts,67,10,NORMAL,1071.33
825,24,Maven Toys Aguascalientes 1,Aguascalientes,20,Mini Basketball Hoop,Sports & Outdoors,7,10,LOW STOCK,174.93
826,24,Maven Toys Aguascalientes 1,Aguascalientes,21,Mini Ping Pong Set,Sports & Outdoors,0,10,OUT OF STOCK,0
827,24,Maven Toys Aguascalientes 1,Aguascalientes,22,Monopoly,Games,13,10,NORMAL,259.87
828,24,Maven Toys Aguascalientes 1,Aguascalientes,23,Mr. Potatohead,Toys,16,10,NORMAL,159.84
829,24,Maven Toys Aguascalientes 1,Aguascalientes,24,Nerf Gun,Sports & Outdoors,4,10,LOW STOCK,79.96
830,24,Maven Toys Aguascalientes 1,Aguascalientes,25,PlayDoh Can,Art & Crafts,48,10,NORMAL,143.52
831,24,Maven Toys Aguascalientes 1,Aguascalientes,26,PlayDoh Playset,Art & Crafts,21,10,NORMAL,524.79
832,24,Maven Toys Aguascalientes 1,Aguascalientes,27,PlayDoh Toolkit,Art & Crafts,50,10,NORMAL,249.5
833,24,Maven Toys Aguascalientes 1,Aguascalientes,28,Playfoam,Art & Crafts,0,10,OUT OF STOCK,0
834,24,Maven Toys Aguascalientes 1,Aguascalientes,29,Plush Pony,Toys,3,10,LOW STOCK,59.97
835,24,Maven Toys Aguascalientes 1,Aguascalientes,30,Rubik's Cube,Games,50,10,NORMAL,999.5
836,24,Maven Toys Aguascalientes 1,Aguascalientes,31,Splash Balls,Sports & Outdoors,10,10,NORMAL,89.9
837,24,Maven Toys Aguascalientes 1,Aguascalientes,32,Supersoaker Water Gun,Sports & Outdoors,10,10,NORMAL,149.9
838,24,Maven Toys Aguascalientes 1,Aguascalientes,33,Teddy Bear,Toys,4,10,LOW STOCK,51.96
839,24,Maven Toys Aguascalientes 1,Aguascalientes,34,Toy Robot,Electronics,17,10,NORMAL,441.83
840,24,Maven Toys Aguascalientes 1,Aguascalientes,35,Uno Card Game,Games,19,10,NORMAL,151.81
841,25,Maven Toys Ciudad Victoria 1,Ciudad Victoria,1,Action Figure,Toys,8,10,LOW STOCK,127.92
842,25,Maven Toys Ciudad Victoria 1,Ciudad Victoria,2,Animal Figures,Toys,18,10,NORMAL,233.82
843,25,Maven Toys Ciudad Victoria 1,Ciudad Victoria,3,Barrel O' Slime,Art & Crafts,43,10,NORMAL,171.57
844,25,Maven Toys Ciudad Victoria 1,Ciudad Victoria,4,Chutes & Ladders,Games,0,10,OUT OF STOCK,0
845,25,Maven Toys Ciudad Victoria 1,Ciudad Victoria,5,Classic Dominoes,Games,0,10,OUT OF STOCK,0
846,25,Maven Toys Ciudad Victoria 1,Ciudad Victoria,6,Colorbuds,Electronics,3,10,LOW STOCK,44.97
847,25,Maven Toys Ciudad Victoria 1,Ciudad Victoria,7,Dart Gun,Sports & Outdoors,7,10,LOW STOCK,111.93
848,25,Maven Toys Ciudad Victoria 1,Ciudad Victoria,8,Deck Of Cards,Games,66,10,NORMAL,461.34
849,25,Maven Toys Ciudad Victoria 1,Ciudad Victoria,9,Dino Egg,Toys,9,10,LOW STOCK,98.91
850,25,Maven Toys Ciudad Victoria 1,Ciudad Victoria,10,Dinosaur Figures,Toys,8,10,LOW STOCK,119.92
851,25,Maven Toys Ciudad Victoria 1,Ciudad Victoria,11,Etch A Sketch,Art & Crafts,3,10,LOW STOCK,62.97
852,25,Maven Toys Ciudad Victoria 1,Ciudad Victoria,12,Foam Disk Launcher,Sports & Outdoors,17,10,NORMAL,203.83
853,25,Maven Toys Ciudad Victoria 1,Ciudad Victoria,13,Gamer Headphones,Electronics,23,10,NORMAL,482.77
854,25,Maven Toys Ciudad Victoria 1,Ciudad Victoria,14,Glass Marbles,Games,20,10,NORMAL,219.8
855,25,Maven Toys Ciudad Victoria 1,Ciudad Victoria,15,Hot Wheels 5-Pack,Toys,13,10,NORMAL,77.87
856,25,Maven Toys Ciudad Victoria 1,Ciudad Victoria,16,Jenga,Games,0,10,OUT OF STOCK,0
857,25,Maven Toys Ciudad Victoria 1,Ciudad Victoria,17,Kids Makeup Kit,Art & Crafts,4,10,LOW STOCK,79.96
858,25,Maven Toys Ciudad Victoria 1,Ciudad Victoria,18,Lego Bricks,Toys,34,10,NORMAL,1359.66
859,25,Maven Toys Ciudad Victoria 1,Ciudad Victoria,19,Magic Sand,Art & Crafts,28,10,NORMAL,447.72
860,25,Maven Toys Ciudad Victoria 1,Ciudad Victoria,20,Mini Basketball Hoop,Sports & Outdoors,0,10,OUT OF STOCK,0
861,25,Maven Toys Ciudad Victoria 1,Ciudad Victoria,21,Mini Ping Pong Set,Sports & Outdoors,5,10,LOW STOCK,49.95
862,25,Maven Toys Ciudad Victoria 1,Ciudad Victoria,22,Monopoly,Games,0,10,OUT OF STOCK,0
863,25,Maven Toys Ciudad Victoria 1,Ciudad Victoria,23,Mr. Potatohead,Toys,10,10,NORMAL,99.9
864,25,Maven Toys Ciudad Victoria 1,Ciudad Victoria,24,Nerf Gun,Sports & Outdoors,10,10,NORMAL,199.9
865,25,Maven Toys Ciudad Victoria 1,Ciudad Victoria,25,PlayDoh Can,Art & Crafts,80,10,NORMAL,239.2
866,25,Maven Toys Ciudad Victoria 1,Ciudad Victoria,26,PlayDoh Playset,Art & Crafts,3,10,LOW STOCK,74.97
867,25,Maven Toys Ciudad Victoria 1,Ciudad Victoria,27,PlayDoh Toolkit,Art & Crafts,29,10,NORMAL,144.71
868,25,Maven Toys Ciudad Victoria 1,Ciudad Victoria,28,Playfoam,Art & Crafts,16,10,NORMAL,175.84
869,25,Maven Toys Ciudad Victoria 1,Ciudad Victoria,29,Plush Pony,Toys,6,10,LOW STOCK,119.94
870,25,Maven Toys Ciudad Victoria 1,Ciudad Victoria,30,Rubik's Cube,Games,46,10,NORMAL,919.54
871,25,Maven Toys Ciudad Victoria 1,Ciudad Victoria,31,Splash Balls,Sports & Outdoors,0,10,OUT OF STOCK,0
872,25,Maven Toys Ciudad Victoria 1,Ciudad Victoria,32,Supersoaker Water Gun,Sports & Outdoors,10,10,NORMAL,149.9
873,25,Maven Toys Ciudad Victoria 1,Ciudad Victoria,33,Teddy Bear,Toys,4,10,LOW STOCK,51.96
874,25,Maven Toys Ciudad Victoria 1,Ciudad Victoria,34,Toy Robot,Electronics,23,10,NORMAL,597.77
875,25,Maven Toys Ciudad Victoria 1,Ciudad Victoria,35,Uno Card Game,Games,0,10,OUT OF STOCK,0
876,26,Maven Toys Campeche 2,Campeche,1,Action Figure,Toys,6,10,LOW STOCK,95.94
877,26,Maven Toys Campeche 2,Campeche,2,Animal Figures,Toys,15,10,NORMAL,194.85
878,26,Maven Toys Campeche 2,Campeche,3,Barrel O' Slime,Art & Crafts,15,10,NORMAL,59.85
879,26,Maven Toys Campeche 2,Campeche,4,Chutes & Ladders,Games,12,10,NORMAL,155.88
880,26,Maven Toys Campeche 2,Campeche,5,Classic Dominoes,Games,8,10,LOW STOCK,79.92
881,26,Maven Toys Campeche 2,Campeche,6,Colorbuds,Electronics,23,10,NORMAL,344.77
882,26,Maven Toys Campeche 2,Campeche,7,Dart Gun,Sports & Outdoors,16,10,NORMAL,255.84
883,26,Maven Toys Campeche 2,Campeche,8,Deck Of Cards,Games,22,10,NORMAL,153.78
884,26,Maven Toys Campeche 2,Campeche,9,Dino Egg,Toys,15,10,NORMAL,164.85
885,26,Maven Toys Campeche 2,Campeche,10,Dinosaur Figures,Toys,25,10,NORMAL,374.75
886,26,Maven Toys Campeche 2,Campeche,11,Etch A Sketch,Art & Crafts,2,10,LOW STOCK,41.98
887,26,Maven Toys Campeche 2,Campeche,12,Foam Disk Launcher,Sports & Outdoors,14,10,NORMAL,167.86
888,26,Maven Toys Campeche 2,Campeche,13,Gamer Headphones,Electronics,20,10,NORMAL,419.8
889,26,Maven Toys Campeche 2,Campeche,14,Glass Marbles,Games,2,10,LOW STOCK,21.98
890,26,Maven Toys Campeche 2,Campeche,15,Hot Wheels 5-Pack,Toys,20,10,NORMAL,119.8
891,26,Maven Toys Campeche 2,Campeche,16,Jenga,Games,20,10,NORMAL,199.8
892,26,Maven Toys Campeche 2,Campeche,17,Kids Makeup Kit,Art & Crafts,6,10,LOW STOCK,119.94
893,26,Maven Toys Campeche 2,Campeche,18,Lego Bricks,Toys,7,10,LOW STOCK,279.93
894,26,Maven Toys Campeche 2,Campeche,19,Magic Sand,Art & Crafts,90,10,NORMAL,1439.1
895,26,Maven Toys Campeche 2,Campeche,20,Mini Basketball Hoop,Sports & Outdoors,6,10,LOW STOCK,149.94
896,26,Maven Toys Campeche 2,Campeche,21,Mini Ping Pong Set,Sports & Outdoors,26,10,NORMAL,259.74
897,26,Maven Toys Campeche 2,Campeche,22,Monopoly,Games,5,10,LOW STOCK,99.95
898,26,Maven Toys Campeche 2,Campeche,23,Mr. Potatohead,Toys,4,10,LOW STOCK,39.96
899,26,Maven Toys Campeche 2,Campeche,24,Nerf Gun,Sports & Outdoors,11,10,NORMAL,219.89
900,26,Maven Toys Campeche 2,Campeche,25,PlayDoh Can,Art & Crafts,71,10,NORMAL,212.29
901,26,Maven Toys Campeche 2,Campeche,26,PlayDoh Playset,Art & Crafts,4,10,LOW STOCK,99.96
902,26,Maven Toys Campeche 2,Campeche,27,PlayDoh Toolkit,Art & Crafts,8,10,LOW STOCK,39.92
903,26,Maven Toys Campeche 2,Campeche,28,Playfoam,Art & Crafts,26,10,NORMAL,285.74
904,26,Maven Toys Campeche 2,Campeche,29,Plush Pony,Toys,3,10,LOW STOCK,59.97
905,26,Maven Toys Campeche 2,Campeche,30,Rubik's Cube,Games,46,10,NORMAL,919.54
906,26,Maven Toys Campeche 2,Campeche,31,Splash Balls,Sports & Outdoors,4,10,LOW STOCK,35.96
907,26,Maven Toys Campeche 2,Campeche,32,Supersoaker Water Gun,Sports & Outdoors,2,10,LOW STOCK,29.98
908,26,Maven Toys Campeche 2,Campeche,33,Teddy Bear,Toys,2,10,LOW STOCK,25.98
909,26,Maven Toys Campeche 2,Campeche,34,Toy Robot,Electronics,17,10,NORMAL,441.83
910,26,Maven Toys Campeche 2,Campeche,35,Uno Card Game,Games,8,10,LOW STOCK,63.92
911,27,Maven Toys Oaxaca 1,Oaxaca,1,Action Figure,Toys,27,10,NORMAL,431.73
912,27,Maven Toys Oaxaca 1,Oaxaca,2,Animal Figures,Toys,30,10,NORMAL,389.7
913,27,Maven Toys Oaxaca 1,Oaxaca,3,Barrel O' Slime,Art & Crafts,55,10,NORMAL,219.45
914,27,Maven Toys Oaxaca 1,Oaxaca,4,Chutes & Ladders,Games,0,10,OUT OF STOCK,0
915,27,Maven Toys Oaxaca 1,Oaxaca,5,Classic Dominoes,Games,0,10,OUT OF STOCK,0
916,27,Maven Toys Oaxaca 1,Oaxaca,6,Colorbuds,Electronics,7,10,LOW STOCK,104.93
917,27,Maven Toys Oaxaca 1,Oaxaca,7,Dart Gun,Sports & Outdoors,22,10,NORMAL,351.78
918,27,Maven Toys Oaxaca 1,Oaxaca,8,Deck Of Cards,Games,12,10,NORMAL,83.88
919,27,Maven Toys Oaxaca 1,Oaxaca,9,Dino Egg,Toys,6,10,LOW STOCK,65.94
920,27,Maven Toys Oaxaca 1,Oaxaca,10,Dinosaur Figures,Toys,45,10,NORMAL,674.55
921,27,Maven Toys Oaxaca 1,Oaxaca,11,Etch A Sketch,Art & Crafts,0,10,OUT OF STOCK,0
922,27,Maven Toys Oaxaca 1,Oaxaca,12,Foam Disk Launcher,Sports & Outdoors,5,10,LOW STOCK,59.95
923,27,Maven Toys Oaxaca 1,Oaxaca,13,Gamer Headphones,Electronics,10,10,NORMAL,209.9
924,27,Maven Toys Oaxaca 1,Oaxaca,14,Glass Marbles,Games,21,10,NORMAL,230.79
925,27,Maven Toys Oaxaca 1,Oaxaca,15,Hot Wheels 5-Pack,Toys,3,10,LOW STOCK,17.97
926,27,Maven Toys Oaxaca 1,Oaxaca,16,Jenga,Games,0,10,OUT OF STOCK,0
927,27,Maven Toys Oaxaca 1,Oaxaca,17,Kids Makeup Kit,Art & Crafts,2,10,LOW STOCK,39.98
928,27,Maven Toys Oaxaca 1,Oaxaca,18,Lego Bricks,Toys,18,10,NORMAL,719.82
929,27,Maven Toys Oaxaca 1,Oaxaca,19,Magic Sand,Art & Crafts,34,10,NORMAL,543.66
930,27,Maven Toys Oaxaca 1,Oaxaca,20,Mini Basketball Hoop,Sports & Outdoors,0,10,OUT OF STOCK,0
931,27,Maven Toys Oaxaca 1,Oaxaca,21,Mini Ping Pong Set,Sports & Outdoors,2,10,LOW STOCK,19.98
932,27,Maven Toys Oaxaca 1,Oaxaca,22,Monopoly,Games,0,10,OUT OF STOCK,0
933,27,Maven Toys Oaxaca 1,Oaxaca,23,Mr. Potatohead,Toys,16,10,NORMAL,159.84
934,27,Maven Toys Oaxaca 1,Oaxaca,24,Nerf Gun,Sports & Outdoors,46,10,NORMAL,919.54
935,27,Maven Toys Oaxaca 1,Oaxaca,25,PlayDoh Can,Art & Crafts,18,10,NORMAL,53.82
936,27,Maven Toys Oaxaca 1,Oaxaca,26,PlayDoh Playset,Art & Crafts,6,10,LOW STOCK,149.94
937,27,Maven Toys Oaxaca 1,Oaxaca,27,PlayDoh Toolkit,Art & Crafts,11,10,NORMAL,54.89
938,27,Maven Toys Oaxaca 1,Oaxaca,28,Playfoam,Art & Crafts,8,10,LOW STOCK,87.92
939,27,Maven Toys Oaxaca 1,Oaxaca,29,Plush Pony,Toys,3,10,LOW STOCK,59.97
940,27,Maven Toys Oaxaca 1,Oaxaca,30,Rubik's Cube,Games,37,10,NORMAL,739.63
941,27,Maven Toys Oaxaca 1,Oaxaca,31,Splash Balls,Sports & Outdoors,13,10,NORMAL,116.87
942,27,Maven Toys Oaxaca 1,Oaxaca,32,Supersoaker Water Gun,Sports & Outdoors,6,10,LOW STOCK,89.94
943,27,Maven Toys Oaxaca 1,Oaxaca,33,Teddy Bear,Toys,7,10,LOW STOCK,90.93
944,27,Maven Toys Oaxaca 1,Oaxaca,34,Toy Robot,Electronics,9,10,LOW STOCK,233.91
945,27,Maven Toys Oaxaca 1,Oaxaca,35,Uno Card Game,Games,0,10,OUT OF STOCK,0
946,28,Maven Toys Puebla 2,Puebla,1,Action Figure,Toys,6,10,LOW STOCK,95.94
947,28,Maven Toys Puebla 2,Puebla,2,Animal Figures,Toys,0,10,OUT OF STOCK,0
948,28,Maven Toys Puebla 2,Puebla,3,Barrel O' Slime,Art & Crafts,60,10,NORMAL,239.4
949,28,Maven Toys Puebla 2,Puebla,4,Chutes & Ladders,Games,0,10,OUT OF STOCK,0
950,28,Maven Toys Puebla 2,Puebla,5,Classic Dominoes,Games,0,10,OUT OF STOCK,0
951,28,Maven Toys Puebla 2,Puebla,6,Colorbuds,Electronics,16,10,NORMAL,239.84
952,28,Maven Toys Puebla 2,Puebla,7,Dart Gun,Sports & Outdoors,10,10,NORMAL,159.9
953,28,Maven Toys Puebla 2,Puebla,8,Deck Of Cards,Games,45,10,NORMAL,314.55
954,28,Maven Toys Puebla 2,Puebla,9,Dino Egg,Toys,7,10,LOW STOCK,76.93
955,28,Maven Toys Puebla 2,Puebla,10,Dinosaur Figures,Toys,8,10,LOW STOCK,119.92
956,28,Maven Toys Puebla 2,Puebla,11,Etch A Sketch,Art & Crafts,4,10,LOW STOCK,83.96
957,28,Maven Toys Puebla 2,Puebla,12,Foam Disk Launcher,Sports & Outdoors,4,10,LOW STOCK,47.96
958,28,Maven Toys Puebla 2,Puebla,13,Gamer Headphones,Electronics,2,10,LOW STOCK,41.98
959,28,Maven Toys Puebla 2,Puebla,14,Glass Marbles,Games,17,10,NORMAL,186.83
960,28,Maven Toys Puebla 2,Puebla,15,Hot Wheels 5-Pack,Toys,0,10,OUT OF STOCK,0
961,28,Maven Toys Puebla 2,Puebla,16,Jenga,Games,0,10,OUT OF STOCK,0
962,28,Maven Toys Puebla 2,Puebla,17,Kids Makeup Kit,Art & Crafts,17,10,NORMAL,339.83
963,28,Maven Toys Puebla 2,Puebla,18,Lego Bricks,Toys,24,10,NORMAL,959.76
964,28,Maven Toys Puebla 2,Puebla,19,Magic Sand,Art & Crafts,13,10,NORMAL,207.87
965,28,Maven Toys Puebla 2,Puebla,20,Mini Basketball Hoop,Sports & Outdoors,0,10,OUT OF STOCK,0
966,28,Maven Toys Puebla 2,Puebla,21,Mini Ping Pong Set,Sports & Outdoors,11,10,NORMAL,109.89
967,28,Maven Toys Puebla 2,Puebla,22,Monopoly,Games,0,10,OUT OF STOCK,0
968,28,Maven Toys Puebla 2,Puebla,23,Mr. Potatohead,Toys,24,10,NORMAL,239.76
969,28,Maven Toys Puebla 2,Puebla,24,Nerf Gun,Sports & Outdoors,19,10,NORMAL,379.81
970,28,Maven Toys Puebla 2,Puebla,25,PlayDoh Can,Art & Crafts,10,10,NORMAL,29.9
971,28,Maven Toys Puebla 2,Puebla,26,PlayDoh Playset,Art & Crafts,15,10,NORMAL,374.85
972,28,Maven Toys Puebla 2,Puebla,27,PlayDoh Toolkit,Art & Crafts,24,10,NORMAL,119.76
973,28,Maven Toys Puebla 2,Puebla,28,Playfoam,Art & Crafts,3,10,LOW STOCK,32.97
974,28,Maven Toys Puebla 2,Puebla,29,Plush Pony,Toys,5,10,LOW STOCK,99.95
975,28,Maven Toys Puebla 2,Puebla,30,Rubik's Cube,Games,27,10,NORMAL,539.73
976,28,Maven Toys Puebla 2,Puebla,31,Splash Balls,Sports & Outdoors,18,10,NORMAL,161.82
977,28,Maven Toys Puebla 2,Puebla,32,Supersoaker Water Gun,Sports & Outdoors,3,10,LOW STOCK,44.97
978,28,Maven Toys Puebla 2,Puebla,33,Teddy Bear,Toys,9,10,LOW STOCK,116.91
979,28,Maven Toys Puebla 2,Puebla,34,Toy Robot,Electronics,19,10,NORMAL,493.81
980,28,Maven Toys Puebla 2,Puebla,35,Uno Card Game,Games,0,10,OUT OF STOCK,0
981,29,Maven Toys Xalapa 1,Xalapa,1,Action Figure,Toys,2,10,LOW STOCK,31.98
982,29,Maven Toys Xalapa 1,Xalapa,2,Animal Figures,Toys,15,10,NORMAL,194.85
983,29,Maven Toys Xalapa 1,Xalapa,3,Barrel O' Slime,Art & Crafts,17,10,NORMAL,67.83
984,29,Maven Toys Xalapa 1,Xalapa,4,Chutes & Ladders,Games,0,10,OUT OF STOCK,0
985,29,Maven Toys Xalapa 1,Xalapa,5,Classic Dominoes,Games,0,10,OUT OF STOCK,0
986,29,Maven Toys Xalapa 1,Xalapa,6,Colorbuds,Electronics,17,10,NORMAL,254.83
987,29,Maven Toys Xalapa 1,Xalapa,7,Dart Gun,Sports & Outdoors,10,10,NORMAL,159.9
988,29,Maven Toys Xalapa 1,Xalapa,8,Deck Of Cards,Games,10,10,NORMAL,69.9
989,29,Maven Toys Xalapa 1,Xalapa,9,Dino Egg,Toys,6,10,LOW STOCK,65.94
990,29,Maven Toys Xalapa 1,Xalapa,10,Dinosaur Figures,Toys,45,10,NORMAL,674.55
991,29,Maven Toys Xalapa 1,Xalapa,11,Etch A Sketch,Art & Crafts,8,10,LOW STOCK,167.92
992,29,Maven Toys Xalapa 1,Xalapa,12,Foam Disk Launcher,Sports & Outdoors,6,10,LOW STOCK,71.94
993,29,Maven Toys Xalapa 1,Xalapa,13,Gamer Headphones,Electronics,5,10,LOW STOCK,104.95
994,29,Maven Toys Xalapa 1,Xalapa,14,Glass Marbles,Games,5,10,LOW STOCK,54.95
995,29,Maven Toys Xalapa 1,Xalapa,15,Hot Wheels 5-Pack,Toys,18,10,NORMAL,107.82
996,29,Maven Toys Xalapa 1,Xalapa,16,Jenga,Games,0,10,OUT OF STOCK,0
997,29,Maven Toys Xalapa 1,Xalapa,17,Kids Makeup Kit,Art & Crafts,25,10,NORMAL,499.75
998,29,Maven Toys Xalapa 1,Xalapa,18,Lego Bricks,Toys,26,10,NORMAL,1039.74
999,29,Maven Toys Xalapa 1,Xalapa,19,Magic Sand,Art & Crafts,12,10,NORMAL,191.88
1000,29,Maven Toys Xalapa 1,Xalapa,20,Mini Basketball Hoop,Sports & Outdoors,0,10,OUT OF STOCK,0
1001,29,Maven Toys Xalapa 1,Xalapa,21,Mini Ping Pong Set,Sports & Outdoors,10,10,NORMAL,99.9
1002,29,Maven Toys Xalapa 1,Xalapa,22,Monopoly,Games,0,10,OUT OF STOCK,0
1003,29,Maven Toys Xalapa 1,Xalapa,23,Mr. Potatohead,Toys,37,10,NORMAL,369.63
1004,29,Maven Toys Xalapa 1,Xalapa,24,Nerf Gun,Sports & Outdoors,14,10,NORMAL,279.86
1005,29,Maven Toys Xalapa 1,Xalapa,25,PlayDoh Can,Art & Crafts,47,10,NORMAL,140.53
1006,29,Maven Toys Xalapa 1,Xalapa,26,PlayDoh Playset,Art & Crafts,2,10,LOW STOCK,49.98
1007,29,Maven Toys Xalapa 1,Xalapa,27,PlayDoh Toolkit,Art & Crafts,27,10,NORMAL,134.73
1008,29,Maven Toys Xalapa 1,Xalapa,28,Playfoam,Art & Crafts,1,10,LOW STOCK,10.99
1009,29,Maven Toys Xalapa 1,Xalapa,29,Plush Pony,Toys,6,10,LOW STOCK,119.94
1010,29,Maven Toys Xalapa 1,Xalapa,30,Rubik's Cube,Games,32,10,NORMAL,639.68
1011,29,Maven Toys Xalapa 1,Xalapa,31,Splash Balls,Sports & Outdoors,3,10,LOW STOCK,26.97
1012,29,Maven Toys Xalapa 1,Xalapa,32,Supersoaker Water Gun,Sports & Outdoors,7,10,LOW STOCK,104.93
1013,29,Maven Toys Xalapa 1,Xalapa,33,Teddy Bear,Toys,6,10,LOW STOCK,77.94
1014,29,Maven Toys Xalapa 1,Xalapa,34,Toy Robot,Electronics,16,10,NORMAL,415.84
1015,29,Maven Toys Xalapa 1,Xalapa,35,Uno Card Game,Games,0,10,OUT OF STOCK,0
1016,30,Maven Toys Guadalajara 3,Guadalajara,1,Action Figure,Toys,15,10,NORMAL,239.85
1017,30,Maven Toys Guadalajara 3,Guadalajara,2,Animal Figures,Toys,30,10,NORMAL,389.7
1018,30,Maven Toys Guadalajara 3,Guadalajara,3,Barrel O' Slime,Art & Crafts,10,10,NORMAL,39.9
1019,30,Maven Toys Guadalajara 3,Guadalajara,4,Chutes & Ladders,Games,0,10,OUT OF STOCK,0
1020,30,Maven Toys Guadalajara 3,Guadalajara,5,Classic Dominoes,Games,0,10,OUT OF STOCK,0
1021,30,Maven Toys Guadalajara 3,Guadalajara,6,Colorbuds,Electronics,18,10,NORMAL,269.82
1022,30,Maven Toys Guadalajara 3,Guadalajara,7,Dart Gun,Sports & Outdoors,13,10,NORMAL,207.87
1023,30,Maven Toys Guadalajara 3,Guadalajara,8,Deck Of Cards,Games,110,10,NORMAL,768.9
1024,30,Maven Toys Guadalajara 3,Guadalajara,9,Dino Egg,Toys,59,10,NORMAL,648.41
1025,30,Maven Toys Guadalajara 3,Guadalajara,10,Dinosaur Figures,Toys,55,10,NORMAL,824.45
1026,30,Maven Toys Guadalajara 3,Guadalajara,11,Etch A Sketch,Art & Crafts,3,10,LOW STOCK,62.97
1027,30,Maven Toys Guadalajara 3,Guadalajara,12,Foam Disk Launcher,Sports & Outdoors,8,10,LOW STOCK,95.92
1028,30,Maven Toys Guadalajara 3,Guadalajara,13,Gamer Headphones,Electronics,18,10,NORMAL,377.82
1029,30,Maven Toys Guadalajara 3,Guadalajara,14,Glass Marbles,Games,10,10,NORMAL,109.9
1030,30,Maven Toys Guadalajara 3,Guadalajara,15,Hot Wheels 5-Pack,Toys,9,10,LOW STOCK,53.91
1031,30,Maven Toys Guadalajara 3,Guadalajara,16,Jenga,Games,0,10,OUT OF STOCK,0
1032,30,Maven Toys Guadalajara 3,Guadalajara,17,Kids Makeup Kit,Art & Crafts,13,10,NORMAL,259.87
1033,30,Maven Toys Guadalajara 3,Guadalajara,18,Lego Bricks,Toys,9,10,LOW STOCK,359.91
1034,30,Maven Toys Guadalajara 3,Guadalajara,19,Magic Sand,Art & Crafts,19,10,NORMAL,303.81
1035,30,Maven Toys Guadalajara 3,Guadalajara,20,Mini Basketball Hoop,Sports & Outdoors,0,10,OUT OF STOCK,0
1036,30,Maven Toys Guadalajara 3,Guadalajara,21,Mini Ping Pong Set,Sports & Outdoors,18,10,NORMAL,179.82
1037,30,Maven Toys Guadalajara 3,Guadalajara,22,Monopoly,Games,0,10,OUT OF STOCK,0
1038,30,Maven Toys Guadalajara 3,Guadalajara,23,Mr. Potatohead,Toys,12,10,NORMAL,119.88
1039,30,Maven Toys Guadalajara 3,Guadalajara,24,Nerf Gun,Sports & Outdoors,23,10,NORMAL,459.77
1040,30,Maven Toys Guadalajara 3,Guadalajara,25,PlayDoh Can,Art & Crafts,6,10,LOW STOCK,17.94
1041,30,Maven Toys Guadalajara 3,Guadalajara,26,PlayDoh Playset,Art & Crafts,13,10,NORMAL,324.87
1042,30,Maven Toys Guadalajara 3,Guadalajara,27,PlayDoh Toolkit,Art & Crafts,29,10,NORMAL,144.71
1043,30,Maven Toys Guadalajara 3,Guadalajara,28,Playfoam,Art & Crafts,3,10,LOW STOCK,32.97
1044,30,Maven Toys Guadalajara 3,Guadalajara,29,Plush Pony,Toys,19,10,NORMAL,379.81
1045,30,Maven Toys Guadalajara 3,Guadalajara,30,Rubik's Cube,Games,21,10,NORMAL,419.79
1046,30,Maven Toys Guadalajara 3,Guadalajara,31,Splash Balls,Sports & Outdoors,20,10,NORMAL,179.8
1047,30,Maven Toys Guadalajara 3,Guadalajara,32,Supersoaker Water Gun,Sports & Outdoors,13,10,NORMAL,194.87
1048,30,Maven Toys Guadalajara 3,Guadalajara,33,Teddy Bear,Toys,10,10,NORMAL,129.9
1049,30,Maven Toys Guadalajara 3,Guadalajara,34,Toy Robot,Electronics,18,10,NORMAL,467.82
1050,30,Maven Toys Guadalajara 3,Guadalajara,35,Uno Card Game,Games,0,10,OUT OF STOCK,0
1051,31,Maven Toys Ciudad de Mexico 2,Cuidad de Mexico,1,Action Figure,Toys,5,10,LOW STOCK,79.95
1052,31,Maven Toys Ciudad de Mexico 2,Cuidad de Mexico,2,Animal Figures,Toys,36,10,NORMAL,467.64
1053,31,Maven Toys Ciudad de Mexico 2,Cuidad de Mexico,3,Barrel O' Slime,Art & Crafts,36,10,NORMAL,143.64
1054,31,Maven Toys Ciudad de Mexico 2,Cuidad de Mexico,4,Chutes & Ladders,Games,0,10,OUT OF STOCK,0
1055,31,Maven Toys Ciudad de Mexico 2,Cuidad de Mexico,5,Classic Dominoes,Games,0,10,OUT OF STOCK,0
1056,31,Maven Toys Ciudad de Mexico 2,Cuidad de Mexico,6,Colorbuds,Electronics,41,10,NORMAL,614.59
1057,31,Maven Toys Ciudad de Mexico 2,Cuidad de Mexico,7,Dart Gun,Sports & Outdoors,18,10,NORMAL,287.82
1058,31,Maven Toys Ciudad de Mexico 2,Cuidad de Mexico,8,Deck Of Cards,Games,84,10,NORMAL,587.16
1059,31,Maven Toys Ciudad de Mexico 2,Cuidad de Mexico,9,Dino Egg,Toys,10,10,NORMAL,109.9
1060,31,Maven Toys Ciudad de Mexico 2,Cuidad de Mexico,10,Dinosaur Figures,Toys,139,10,NORMAL,2083.61
1061,31,Maven Toys Ciudad de Mexico 2,Cuidad de Mexico,11,Etch A Sketch,Art & Crafts,8,10,LOW STOCK,167.92
1062,31,Maven Toys Ciudad de Mexico 2,Cuidad de Mexico,12,Foam Disk Launcher,Sports & Outdoors,13,10,NORMAL,155.87
1063,31,Maven Toys Ciudad de Mexico 2,Cuidad de Mexico,13,Gamer Headphones,Electronics,19,10,NORMAL,398.81
1064,31,Maven Toys Ciudad de Mexico 2,Cuidad de Mexico,14,Glass Marbles,Games,9,10,LOW STOCK,98.91
1065,31,Maven Toys Ciudad de Mexico 2,Cuidad de Mexico,15,Hot Wheels 5-Pack,Toys,4,10,LOW STOCK,23.96
1066,31,Maven Toys Ciudad de Mexico 2,Cuidad de Mexico,16,Jenga,Games,0,10,OUT OF STOCK,0
1067,31,Maven Toys Ciudad de Mexico 2,Cuidad de Mexico,17,Kids Makeup Kit,Art & Crafts,19,10,NORMAL,379.81
1068,31,Maven Toys Ciudad de Mexico 2,Cuidad de Mexico,18,Lego Bricks,Toys,2,10,LOW STOCK,79.98
1069,31,Maven Toys Ciudad de Mexico 2,Cuidad de Mexico,19,Magic Sand,Art & Crafts,95,10,NORMAL,1519.05
1070,31,Maven Toys Ciudad de Mexico 2,Cuidad de Mexico,20,Mini Basketball Hoop,Sports & Outdoors,0,10,OUT OF STOCK,0
1071,31,Maven Toys Ciudad de Mexico 2,Cuidad de Mexico,21,Mini Ping Pong Set,Sports & Outdoors,6,10,LOW STOCK,59.94
1072,31,Maven Toys Ciudad de Mexico 2,Cuidad de Mexico,22,Monopoly,Games,0,10,OUT OF STOCK,0
1073,31,Maven Toys Ciudad de Mexico 2,Cuidad de Mexico,23,Mr. Potatohead,Toys,9,10,LOW STOCK,89.91
1074,31,Maven Toys Ciudad de Mexico 2,Cuidad de Mexico,24,Nerf Gun,Sports & Outdoors,29,10,NORMAL,579.71
1075,31,Maven Toys Ciudad de Mexico 2,Cuidad de Mexico,25,PlayDoh Can,Art & Crafts,94,10,NORMAL,281.06
1076,31,Maven Toys Ciudad de Mexico 2,Cuidad de Mexico,26,PlayDoh Playset,Art & Crafts,17,10,NORMAL,424.83
1077,31,Maven Toys Ciudad de Mexico 2,Cuidad de Mexico,27,PlayDoh Toolkit,Art & Crafts,27,10,NORMAL,134.73
1078,31,Maven Toys Ciudad de Mexico 2,Cuidad de Mexico,28,Playfoam,Art & Crafts,10,10,NORMAL,109.9
1079,31,Maven Toys Ciudad de Mexico 2,Cuidad de Mexico,29,Plush Pony,Toys,28,10,NORMAL,559.72
1080,31,Maven Toys Ciudad de Mexico 2,Cuidad de Mexico,30,Rubik's Cube,Games,66,10,NORMAL,1319.34
1081,31,Maven Toys Ciudad de Mexico 2,Cuidad de Mexico,31,Splash Balls,Sports & Outdoors,39,10,NORMAL,350.61
1082,31,Maven Toys Ciudad de Mexico 2,Cuidad de Mexico,32,Supersoaker Water Gun,Sports & Outdoors,12,10,NORMAL,179.88
1083,31,Maven Toys Ciudad de Mexico 2,Cuidad de Mexico,33,Teddy Bear,Toys,20,10,NORMAL,259.8
1084,31,Maven Toys Ciudad de Mexico 2,Cuidad de Mexico,34,Toy Robot,Electronics,20,10,NORMAL,519.8
1085,31,Maven Toys Ciudad de Mexico 2,Cuidad de Mexico,35,Uno Card Game,Games,0,10,OUT OF STOCK,0
1086,32,Maven Toys Hermosillo 1,Hermosillo,1,Action Figure,Toys,25,10,NORMAL,399.75
1087,32,Maven Toys Hermosillo 1,Hermosillo,2,Animal Figures,Toys,10,10,NORMAL,129.9
1088,32,Maven Toys Hermosillo 1,Hermosillo,3,Barrel O' Slime,Art & Crafts,45,10,NORMAL,179.55
1089,32,Maven Toys Hermosillo 1,Hermosillo,4,Chutes & Ladders,Games,0,10,OUT OF STOCK,0
1090,32,Maven Toys Hermosillo 1,Hermosillo,5,Classic Dominoes,Games,0,10,OUT OF STOCK,0
1091,32,Maven Toys Hermosillo 1,Hermosillo,6,Colorbuds,Electronics,65,10,NORMAL,974.35
1092,32,Maven Toys Hermosillo 1,Hermosillo,7,Dart Gun,Sports & Outdoors,18,10,NORMAL,287.82
1093,32,Maven Toys Hermosillo 1,Hermosillo,8,Deck Of Cards,Games,56,10,NORMAL,391.44
1094,32,Maven Toys Hermosillo 1,Hermosillo,9,Dino Egg,Toys,3,10,LOW STOCK,32.97
1095,32,Maven Toys Hermosillo 1,Hermosillo,10,Dinosaur Figures,Toys,138,10,NORMAL,2068.62
1096,32,Maven Toys Hermosillo 1,Hermosillo,11,Etch A Sketch,Art & Crafts,6,10,LOW STOCK,125.94
1097,32,Maven Toys Hermosillo 1,Hermosillo,12,Foam Disk Launcher,Sports & Outdoors,4,10,LOW STOCK,47.96
1098,32,Maven Toys Hermosillo 1,Hermosillo,13,Gamer Headphones,Electronics,13,10,NORMAL,272.87
1099,32,Maven Toys Hermosillo 1,Hermosillo,14,Glass Marbles,Games,27,10,NORMAL,296.73
1100,32,Maven Toys Hermosillo 1,Hermosillo,15,Hot Wheels 5-Pack,Toys,27,10,NORMAL,161.73
1101,32,Maven Toys Hermosillo 1,Hermosillo,16,Jenga,Games,0,10,OUT OF STOCK,0
1102,32,Maven Toys Hermosillo 1,Hermosillo,17,Kids Makeup Kit,Art & Crafts,8,10,LOW STOCK,159.92
1103,32,Maven Toys Hermosillo 1,Hermosillo,18,Lego Bricks,Toys,40,10,NORMAL,1599.6
1104,32,Maven Toys Hermosillo 1,Hermosillo,19,Magic Sand,Art & Crafts,35,10,NORMAL,559.65
1105,32,Maven Toys Hermosillo 1,Hermosillo,20,Mini Basketball Hoop,Sports & Outdoors,0,10,OUT OF STOCK,0
1106,32,Maven Toys Hermosillo 1,Hermosillo,21,Mini Ping Pong Set,Sports & Outdoors,0,10,OUT OF STOCK,0
1107,32,Maven Toys Hermosillo 1,Hermosillo,22,Monopoly,Games,0,10,OUT OF STOCK,0
1108,32,Maven Toys Hermosillo 1,Hermosillo,23,Mr. Potatohead,Toys,23,10,NORMAL,229.77
1109,32,Maven Toys Hermosillo 1,Hermosillo,24,Nerf Gun,Sports & Outdoors,42,10,NORMAL,839.58
1110,32,Maven Toys Hermosillo 1,Hermosillo,25,PlayDoh Can,Art & Crafts,20,10,NORMAL,59.8
1111,32,Maven Toys Hermosillo 1,Hermosillo,26,PlayDoh Playset,Art & Crafts,11,10,NORMAL,274.89
1112,32,Maven Toys Hermosillo 1,Hermosillo,27,PlayDoh Toolkit,Art & Crafts,53,10,NORMAL,264.47
1113,32,Maven Toys Hermosillo 1,Hermosillo,28,Playfoam,Art & Crafts,5,10,LOW STOCK,54.95
1114,32,Maven Toys Hermosillo 1,Hermosillo,29,Plush Pony,Toys,4,10,LOW STOCK,79.96
1115,32,Maven Toys Hermosillo 1,Hermosillo,30,Rubik's Cube,Games,28,10,NORMAL,559.72
1116,32,Maven Toys Hermosillo 1,Hermosillo,31,Splash Balls,Sports & Outdoors,4,10,LOW STOCK,35.96
1117,32,Maven Toys Hermosillo 1,Hermosillo,32,Supersoaker Water Gun,Sports & Outdoors,8,10,LOW STOCK,119.92
1118,32,Maven Toys Hermosillo 1,Hermosillo,33,Teddy Bear,Toys,13,10,NORMAL,168.87
1119,32,Maven Toys Hermosillo 1,Hermosillo,34,Toy Robot,Electronics,20,10,NORMAL,519.8
1120,32,Maven Toys Hermosillo 1,Hermosillo,35,Uno Card Game,Games,0,10,OUT OF STOCK,0
1121,33,Maven Toys Monterrey 3,Monterrey,1,Action Figure,Toys,10,10,NORMAL,159.9
1122,33,Maven Toys Monterrey 3,Monterrey,2,Animal Figures,Toys,16,10,NORMAL,207.84
1123,33,Maven Toys Monterrey 3,Monterrey,3,Barrel O' Slime,Art & Crafts,21,10,NORMAL,83.79
1124,33,Maven Toys Monterrey 3,Monterrey,4,Chutes & Ladders,Games,15,10,NORMAL,194.85
1125,33,Maven Toys Monterrey 3,Monterrey,5,Classic Dominoes,Games,7,10,LOW STOCK,69.93
1126,33,Maven Toys Monterrey 3,Monterrey,6,Colorbuds,Electronics,8,10,LOW STOCK,119.92
1127,33,Maven Toys Monterrey 3,Monterrey,7,Dart Gun,Sports & Outdoors,4,10,LOW STOCK,63.96
1128,33,Maven Toys Monterrey 3,Monterrey,8,Deck Of Cards,Games,66,10,NORMAL,461.34
1129,33,Maven Toys Monterrey 3,Monterrey,9,Dino Egg,Toys,3,10,LOW STOCK,32.97
1130,33,Maven Toys Monterrey 3,Monterrey,10,Dinosaur Figures,Toys,12,10,NORMAL,179.88
1131,33,Maven Toys Monterrey 3,Monterrey,11,Etch A Sketch,Art & Crafts,4,10,LOW STOCK,83.96
1132,33,Maven Toys Monterrey 3,Monterrey,12,Foam Disk Launcher,Sports & Outdoors,17,10,NORMAL,203.83
1133,33,Maven Toys Monterrey 3,Monterrey,13,Gamer Headphones,Electronics,0,10,OUT OF STOCK,0
1134,33,Maven Toys Monterrey 3,Monterrey,14,Glass Marbles,Games,11,10,NORMAL,120.89
1135,33,Maven Toys Monterrey 3,Monterrey,15,Hot Wheels 5-Pack,Toys,0,10,OUT OF STOCK,0
1136,33,Maven Toys Monterrey 3,Monterrey,16,Jenga,Games,5,10,LOW STOCK,49.95
1137,33,Maven Toys Monterrey 3,Monterrey,17,Kids Makeup Kit,Art & Crafts,2,10,LOW STOCK,39.98
1138,33,Maven Toys Monterrey 3,Monterrey,18,Lego Bricks,Toys,15,10,NORMAL,599.85
1139,33,Maven Toys Monterrey 3,Monterrey,19,Magic Sand,Art & Crafts,61,10,NORMAL,975.39
1140,33,Maven Toys Monterrey 3,Monterrey,20,Mini Basketball Hoop,Sports & Outdoors,11,10,NORMAL,274.89
1141,33,Maven Toys Monterrey 3,Monterrey,21,Mini Ping Pong Set,Sports & Outdoors,13,10,NORMAL,129.87
1142,33,Maven Toys Monterrey 3,Monterrey,22,Monopoly,Games,5,10,LOW STOCK,99.95
1143,33,Maven Toys Monterrey 3,Monterrey,23,Mr. Potatohead,Toys,22,10,NORMAL,219.78
1144,33,Maven Toys Monterrey 3,Monterrey,24,Nerf Gun,Sports & Outdoors,27,10,NORMAL,539.73
1145,33,Maven Toys Monterrey 3,Monterrey,25,PlayDoh Can,Art & Crafts,57,10,NORMAL,170.43
1146,33,Maven Toys Monterrey 3,Monterrey,26,PlayDoh Playset,Art & Crafts,5,10,LOW STOCK,124.95
1147,33,Maven Toys Monterrey 3,Monterrey,27,PlayDoh Toolkit,Art & Crafts,6,10,LOW STOCK,29.94
1148,33,Maven Toys Monterrey 3,Monterrey,28,Playfoam,Art & Crafts,5,10,LOW STOCK,54.95
1149,33,Maven Toys Monterrey 3,Monterrey,29,Plush Pony,Toys,9,10,LOW STOCK,179.91
1150,33,Maven Toys Monterrey 3,Monterrey,30,Rubik's Cube,Games,39,10,NORMAL,779.61
1151,33,Maven Toys Monterrey 3,Monterrey,31,Splash Balls,Sports & Outdoors,7,10,LOW STOCK,62.93
1152,33,Maven Toys Monterrey 3,Monterrey,32,Supersoaker Water Gun,Sports & Outdoors,15,10,NORMAL,224.85
1153,33,Maven Toys Monterrey 3,Monterrey,33,Teddy Bear,Toys,9,10,LOW STOCK,116.91
1154,33,Maven Toys Monterrey 3,Monterrey,34,Toy Robot,Electronics,14,10,NORMAL,363.86
1155,33,Maven Toys Monterrey 3,Monterrey,35,Uno Card Game,Games,18,10,NORMAL,143.82
1156,34,Maven Toys Villahermosa 1,Villahermosa,1,Action Figure,Toys,5,10,LOW STOCK,79.95
1157,34,Maven Toys Villahermosa 1,Villahermosa,2,Animal Figures,Toys,25,10,NORMAL,324.75
1158,34,Maven Toys Villahermosa 1,Villahermosa,3,Barrel O' Slime,Art & Crafts,17,10,NORMAL,67.83
1159,34,Maven Toys Villahermosa 1,Villahermosa,4,Chutes & Ladders,Games,15,10,NORMAL,194.85
1160,34,Maven Toys Villahermosa 1,Villahermosa,5,Classic Dominoes,Games,7,10,LOW STOCK,69.93
1161,34,Maven Toys Villahermosa 1,Villahermosa,6,Colorbuds,Electronics,24,10,NORMAL,359.76
1162,34,Maven Toys Villahermosa 1,Villahermosa,7,Dart Gun,Sports & Outdoors,5,10,LOW STOCK,79.95
1163,34,Maven Toys Villahermosa 1,Villahermosa,8,Deck Of Cards,Games,68,10,NORMAL,475.32
1164,34,Maven Toys Villahermosa 1,Villahermosa,9,Dino Egg,Toys,0,10,OUT OF STOCK,0
1165,34,Maven Toys Villahermosa 1,Villahermosa,10,Dinosaur Figures,Toys,57,10,NORMAL,854.43
1166,34,Maven Toys Villahermosa 1,Villahermosa,11,Etch A Sketch,Art & Crafts,18,10,NORMAL,377.82
1167,34,Maven Toys Villahermosa 1,Villahermosa,12,Foam Disk Launcher,Sports & Outdoors,6,10,LOW STOCK,71.94
1168,34,Maven Toys Villahermosa 1,Villahermosa,13,Gamer Headphones,Electronics,3,10,LOW STOCK,62.97
1169,34,Maven Toys Villahermosa 1,Villahermosa,14,Glass Marbles,Games,5,10,LOW STOCK,54.95
1170,34,Maven Toys Villahermosa 1,Villahermosa,15,Hot Wheels 5-Pack,Toys,10,10,NORMAL,59.9
1171,34,Maven Toys Villahermosa 1,Villahermosa,16,Jenga,Games,7,10,LOW STOCK,69.93
1172,34,Maven Toys Villahermosa 1,Villahermosa,17,Kids Makeup Kit,Art & Crafts,19,10,NORMAL,379.81
1173,34,Maven Toys Villahermosa 1,Villahermosa,18,Lego Bricks,Toys,12,10,NORMAL,479.88
1174,34,Maven Toys Villahermosa 1,Villahermosa,19,Magic Sand,Art & Crafts,14,10,NORMAL,223.86
1175,34,Maven Toys Villahermosa 1,Villahermosa,20,Mini Basketball Hoop,Sports & Outdoors,17,10,NORMAL,424.83
1176,34,Maven Toys Villahermosa 1,Villahermosa,21,Mini Ping Pong Set,Sports & Outdoors,22,10,NORMAL,219.78
1177,34,Maven Toys Villahermosa 1,Villahermosa,22,Monopoly,Games,15,10,NORMAL,299.85
1178,34,Maven Toys Villahermosa 1,Villahermosa,23,Mr. Potatohead,Toys,13,10,NORMAL,129.87
1179,34,Maven Toys Villahermosa 1,Villahermosa,24,Nerf Gun,Sports & Outdoors,28,10,NORMAL,559.72
1180,34,Maven Toys Villahermosa 1,Villahermosa,25,PlayDoh Can,Art & Crafts,131,10,NORMAL,391.69
1181,34,Maven Toys Villahermosa 1,Villahermosa,26,PlayDoh Playset,Art & Crafts,3,10,LOW STOCK,74.97
1182,34,Maven Toys Villahermosa 1,Villahermosa,27,PlayDoh Toolkit,Art & Crafts,12,10,NORMAL,59.88
1183,34,Maven Toys Villahermosa 1,Villahermosa,28,Playfoam,Art & Crafts,13,10,NORMAL,142.87
1184,34,Maven Toys Villahermosa 1,Villahermosa,29,Plush Pony,Toys,3,10,LOW STOCK,59.97
1185,34,Maven Toys Villahermosa 1,Villahermosa,30,Rubik's Cube,Games,53,10,NORMAL,1059.47
1186,34,Maven Toys Villahermosa 1,Villahermosa,31,Splash Balls,Sports & Outdoors,30,10,NORMAL,269.7
1187,34,Maven Toys Villahermosa 1,Villahermosa,32,Supersoaker Water Gun,Sports & Outdoors,19,10,NORMAL,284.81
1188,34,Maven Toys Villahermosa 1,Villahermosa,33,Teddy Bear,Toys,9,10,LOW STOCK,116.91
1189,34,Maven Toys Villahermosa 1,Villahermosa,34,Toy Robot,Electronics,17,10,NORMAL,441.83
1190,34,Maven Toys Villahermosa 1,Villahermosa,35,Uno Card Game,Games,20,10,NORMAL,159.8
1191,35,Maven Toys Chilpancingo 1,Chilpancingo,1,Action Figure,Toys,8,10,LOW STOCK,127.92
1192,35,Maven Toys Chilpancingo 1,Chilpancingo,2,Animal Figures,Toys,37,10,NORMAL,480.63
1193,35,Maven Toys Chilpancingo 1,Chilpancingo,3,Barrel O' Slime,Art & Crafts,12,10,NORMAL,47.88
1194,35,Maven Toys Chilpancingo 1,Chilpancingo,4,Chutes & Ladders,Games,0,10,OUT OF STOCK,0
1195,35,Maven Toys Chilpancingo 1,Chilpancingo,5,Classic Dominoes,Games,0,10,OUT OF STOCK,0
1196,35,Maven Toys Chilpancingo 1,Chilpancingo,6,Colorbuds,Electronics,31,10,NORMAL,464.69
1197,35,Maven Toys Chilpancingo 1,Chilpancingo,7,Dart Gun,Sports & Outdoors,10,10,NORMAL,159.9
1198,35,Maven Toys Chilpancingo 1,Chilpancingo,8,Deck Of Cards,Games,77,10,NORMAL,538.23
1199,35,Maven Toys Chilpancingo 1,Chilpancingo,9,Dino Egg,Toys,4,10,LOW STOCK,43.96
1200,35,Maven Toys Chilpancingo 1,Chilpancingo,10,Dinosaur Figures,Toys,86,10,NORMAL,1289.14
1201,35,Maven Toys Chilpancingo 1,Chilpancingo,11,Etch A Sketch,Art & Crafts,8,10,LOW STOCK,167.92
1202,35,Maven Toys Chilpancingo 1,Chilpancingo,12,Foam Disk Launcher,Sports & Outdoors,15,10,NORMAL,179.85
1203,35,Maven Toys Chilpancingo 1,Chilpancingo,13,Gamer Headphones,Electronics,3,10,LOW STOCK,62.97
1204,35,Maven Toys Chilpancingo 1,Chilpancingo,14,Glass Marbles,Games,38,10,NORMAL,417.62
1205,35,Maven Toys Chilpancingo 1,Chilpancingo,15,Hot Wheels 5-Pack,Toys,0,10,OUT OF STOCK,0
1206,35,Maven Toys Chilpancingo 1,Chilpancingo,16,Jenga,Games,0,10,OUT OF STOCK,0
1207,35,Maven Toys Chilpancingo 1,Chilpancingo,17,Kids Makeup Kit,Art & Crafts,10,10,NORMAL,199.9
1208,35,Maven Toys Chilpancingo 1,Chilpancingo,18,Lego Bricks,Toys,11,10,NORMAL,439.89
1209,35,Maven Toys Chilpancingo 1,Chilpancingo,19,Magic Sand,Art & Crafts,44,10,NORMAL,703.56
1210,35,Maven Toys Chilpancingo 1,Chilpancingo,20,Mini Basketball Hoop,Sports & Outdoors,0,10,OUT OF STOCK,0
1211,35,Maven Toys Chilpancingo 1,Chilpancingo,21,Mini Ping Pong Set,Sports & Outdoors,6,10,LOW STOCK,59.94
1212,35,Maven Toys Chilpancingo 1,Chilpancingo,22,Monopoly,Games,0,10,OUT OF STOCK,0
1213,35,Maven Toys Chilpancingo 1,Chilpancingo,23,Mr. Potatohead,Toys,5,10,LOW STOCK,49.95
1214,35,Maven Toys Chilpancingo 1,Chilpancingo,24,Nerf Gun,Sports & Outdoors,44,10,NORMAL,879.56
1215,35,Maven Toys Chilpancingo 1,Chilpancingo,25,PlayDoh Can,Art & Crafts,14,10,NORMAL,41.86
1216,35,Maven Toys Chilpancingo 1,Chilpancingo,26,PlayDoh Playset,Art & Crafts,5,10,LOW STOCK,124.95
1217,35,Maven Toys Chilpancingo 1,Chilpancingo,27,PlayDoh Toolkit,Art & Crafts,16,10,NORMAL,79.84
1218,35,Maven Toys Chilpancingo 1,Chilpancingo,28,Playfoam,Art & Crafts,20,10,NORMAL,219.8
1219,35,Maven Toys Chilpancingo 1,Chilpancingo,29,Plush Pony,Toys,11,10,NORMAL,219.89
1220,35,Maven Toys Chilpancingo 1,Chilpancingo,30,Rubik's Cube,Games,10,10,NORMAL,199.9
1221,35,Maven Toys Chilpancingo 1,Chilpancingo,31,Splash Balls,Sports & Outdoors,74,10,NORMAL,665.26
1222,35,Maven Toys Chilpancingo 1,Chilpancingo,32,Supersoaker Water Gun,Sports & Outdoors,20,10,NORMAL,299.8
1223,35,Maven Toys Chilpancingo 1,Chilpancingo,33,Teddy Bear,Toys,14,10,NORMAL,181.86
1224,35,Maven Toys Chilpancingo 1,Chilpancingo,34,Toy Robot,Electronics,9,10,LOW STOCK,233.91
1225,35,Maven Toys Chilpancingo 1,Chilpancingo,35,Uno Card Game,Games,0,10,OUT OF STOCK,0
1226,36,Maven Toys Morelia 1,Morelia,1,Action Figure,Toys,2,10,LOW STOCK,31.98
1227,36,Maven Toys Morelia 1,Morelia,2,Animal Figures,Toys,26,10,NORMAL,337.74
1228,36,Maven Toys Morelia 1,Morelia,3,Barrel O' Slime,Art & Crafts,26,10,NORMAL,103.74
1229,36,Maven Toys Morelia 1,Morelia,4,Chutes & Ladders,Games,0,10,OUT OF STOCK,0
1230,36,Maven Toys Morelia 1,Morelia,5,Classic Dominoes,Games,3,10,LOW STOCK,29.97
1231,36,Maven Toys Morelia 1,Morelia,6,Colorbuds,Electronics,27,10,NORMAL,404.73
1232,36,Maven Toys Morelia 1,Morelia,7,Dart Gun,Sports & Outdoors,15,10,NORMAL,239.85
1233,36,Maven Toys Morelia 1,Morelia,8,Deck Of Cards,Games,58,10,NORMAL,405.42
1234,36,Maven Toys Morelia 1,Morelia,9,Dino Egg,Toys,19,10,NORMAL,208.81
1235,36,Maven Toys Morelia 1,Morelia,10,Dinosaur Figures,Toys,33,10,NORMAL,494.67
1236,36,Maven Toys Morelia 1,Morelia,11,Etch A Sketch,Art & Crafts,1,10,LOW STOCK,20.99
1237,36,Maven Toys Morelia 1,Morelia,12,Foam Disk Launcher,Sports & Outdoors,1,10,LOW STOCK,11.99
1238,36,Maven Toys Morelia 1,Morelia,13,Gamer Headphones,Electronics,18,10,NORMAL,377.82
1239,36,Maven Toys Morelia 1,Morelia,14,Glass Marbles,Games,110,10,NORMAL,1208.9
1240,36,Maven Toys Morelia 1,Morelia,15,Hot Wheels 5-Pack,Toys,2,10,LOW STOCK,11.98
1241,36,Maven Toys Morelia 1,Morelia,16,Jenga,Games,7,10,LOW STOCK,69.93
1242,36,Maven Toys Morelia 1,Morelia,17,Kids Makeup Kit,Art & Crafts,12,10,NORMAL,239.88
1243,36,Maven Toys Morelia 1,Morelia,18,Lego Bricks,Toys,4,10,LOW STOCK,159.96
1244,36,Maven Toys Morelia 1,Morelia,19,Magic Sand,Art & Crafts,28,10,NORMAL,447.72
1245,36,Maven Toys Morelia 1,Morelia,20,Mini Basketball Hoop,Sports & Outdoors,2,10,LOW STOCK,49.98
1246,36,Maven Toys Morelia 1,Morelia,21,Mini Ping Pong Set,Sports & Outdoors,33,10,NORMAL,329.67
1247,36,Maven Toys Morelia 1,Morelia,22,Monopoly,Games,21,10,NORMAL,419.79
1248,36,Maven Toys Morelia 1,Morelia,23,Mr. Potatohead,Toys,19,10,NORMAL,189.81
1249,36,Maven Toys Morelia 1,Morelia,24,Nerf Gun,Sports & Outdoors,9,10,LOW STOCK,179.91
1250,36,Maven Toys Morelia 1,Morelia,25,PlayDoh Can,Art & Crafts,125,10,NORMAL,373.75
1251,36,Maven Toys Morelia 1,Morelia,26,PlayDoh Playset,Art & Crafts,7,10,LOW STOCK,174.93
1252,36,Maven Toys Morelia 1,Morelia,27,PlayDoh Toolkit,Art & Crafts,46,10,NORMAL,229.54
1253,36,Maven Toys Morelia 1,Morelia,28,Playfoam,Art & Crafts,7,10,LOW STOCK,76.93
1254,36,Maven Toys Morelia 1,Morelia,29,Plush Pony,Toys,14,10,NORMAL,279.86
1255,36,Maven Toys Morelia 1,Morelia,30,Rubik's Cube,Games,15,10,NORMAL,299.85
1256,36,Maven Toys Morelia 1,Morelia,31,Splash Balls,Sports & Outdoors,6,10,LOW STOCK,53.94
1257,36,Maven Toys Morelia 1,Morelia,32,Supersoaker Water Gun,Sports & Outdoors,7,10,LOW STOCK,104.93
1258,36,Maven Toys Morelia 1,Morelia,33,Teddy Bear,Toys,21,10,NORMAL,272.79
1259,36,Maven Toys Morelia 1,Morelia,34,Toy Robot,Electronics,2,10,LOW STOCK,51.98
1260,36,Maven Toys Morelia 1,Morelia,35,Uno Card Game,Games,12,10,NORMAL,95.88
1261,37,Maven Toys Ciudad de Mexico 3,Cuidad de Mexico,1,Action Figure,Toys,23,10,NORMAL,367.77
1262,37,Maven Toys Ciudad de Mexico 3,Cuidad de Mexico,2,Animal Figures,Toys,3,10,LOW STOCK,38.97
1263,37,Maven Toys Ciudad de Mexico 3,Cuidad de Mexico,3,Barrel O' Slime,Art & Crafts,4,10,LOW STOCK,15.96
1264,37,Maven Toys Ciudad de Mexico 3,Cuidad de Mexico,4,Chutes & Ladders,Games,4,10,LOW STOCK,51.96
1265,37,Maven Toys Ciudad de Mexico 3,Cuidad de Mexico,5,Classic Dominoes,Games,2,10,LOW STOCK,19.98
1266,37,Maven Toys Ciudad de Mexico 3,Cuidad de Mexico,6,Colorbuds,Electronics,17,10,NORMAL,254.83
1267,37,Maven Toys Ciudad de Mexico 3,Cuidad de Mexico,7,Dart Gun,Sports & Outdoors,16,10,NORMAL,255.84
1268,37,Maven Toys Ciudad de Mexico 3,Cuidad de Mexico,8,Deck Of Cards,Games,129,10,NORMAL,901.71
1269,37,Maven Toys Ciudad de Mexico 3,Cuidad de Mexico,9,Dino Egg,Toys,10,10,NORMAL,109.9
1270,37,Maven Toys Ciudad de Mexico 3,Cuidad de Mexico,10,Dinosaur Figures,Toys,34,10,NORMAL,509.66
1271,37,Maven Toys Ciudad de Mexico 3,Cuidad de Mexico,11,Etch A Sketch,Art & Crafts,7,10,LOW STOCK,146.93
1272,37,Maven Toys Ciudad de Mexico 3,Cuidad de Mexico,12,Foam Disk Launcher,Sports & Outdoors,11,10,NORMAL,131.89
1273,37,Maven Toys Ciudad de Mexico 3,Cuidad de Mexico,13,Gamer Headphones,Electronics,21,10,NORMAL,440.79
1274,37,Maven Toys Ciudad de Mexico 3,Cuidad de Mexico,14,Glass Marbles,Games,5,10,LOW STOCK,54.95
1275,37,Maven Toys Ciudad de Mexico 3,Cuidad de Mexico,15,Hot Wheels 5-Pack,Toys,4,10,LOW STOCK,23.96
1276,37,Maven Toys Ciudad de Mexico 3,Cuidad de Mexico,16,Jenga,Games,6,10,LOW STOCK,59.94
1277,37,Maven Toys Ciudad de Mexico 3,Cuidad de Mexico,17,Kids Makeup Kit,Art & Crafts,7,10,LOW STOCK,139.93
1278,37,Maven Toys Ciudad de Mexico 3,Cuidad de Mexico,18,Lego Bricks,Toys,6,10,LOW STOCK,239.94
1279,37,Maven Toys Ciudad de Mexico 3,Cuidad de Mexico,19,Magic Sand,Art & Crafts,69,10,NORMAL,1103.31
1280,37,Maven Toys Ciudad de Mexico 3,Cuidad de Mexico,20,Mini Basketball Hoop,Sports & Outdoors,11,10,NORMAL,274.89
1281,37,Maven Toys Ciudad de Mexico 3,Cuidad de Mexico,21,Mini Ping Pong Set,Sports & Outdoors,53,10,NORMAL,529.47
1282,37,Maven Toys Ciudad de Mexico 3,Cuidad de Mexico,22,Monopoly,Games,9,10,LOW STOCK,179.91
1283,37,Maven Toys Ciudad de Mexico 3,Cuidad de Mexico,23,Mr. Potatohead,Toys,0,10,OUT OF STOCK,0
1284,37,Maven Toys Ciudad de Mexico 3,Cuidad de Mexico,24,Nerf Gun,Sports & Outdoors,27,10,NORMAL,539.73
1285,37,Maven Toys Ciudad de Mexico 3,Cuidad de Mexico,25,PlayDoh Can,Art & Crafts,34,10,NORMAL,101.66
1286,37,Maven Toys Ciudad de Mexico 3,Cuidad de Mexico,26,PlayDoh Playset,Art & Crafts,11,10,NORMAL,274.89
1287,37,Maven Toys Ciudad de Mexico 3,Cuidad de Mexico,27,PlayDoh Toolkit,Art & Crafts,18,10,NORMAL,89.82
1288,37,Maven Toys Ciudad de Mexico 3,Cuidad de Mexico,28,Playfoam,Art & Crafts,4,10,LOW STOCK,43.96
1289,37,Maven Toys Ciudad de Mexico 3,Cuidad de Mexico,29,Plush Pony,Toys,5,10,LOW STOCK,99.95
1290,37,Maven Toys Ciudad de Mexico 3,Cuidad de Mexico,30,Rubik's Cube,Games,35,10,NORMAL,699.65
1291,37,Maven Toys Ciudad de Mexico 3,Cuidad de Mexico,31,Splash Balls,Sports & Outdoors,14,10,NORMAL,125.86
1292,37,Maven Toys Ciudad de Mexico 3,Cuidad de Mexico,32,Supersoaker Water Gun,Sports & Outdoors,0,10,OUT OF STOCK,0
1293,37,Maven Toys Ciudad de Mexico 3,Cuidad de Mexico,33,Teddy Bear,Toys,10,10,NORMAL,129.9
1294,37,Maven Toys Ciudad de Mexico 3,Cuidad de Mexico,34,Toy Robot,Electronics,13,10,NORMAL,337.87
1295,37,Maven Toys Ciudad de Mexico 3,Cuidad de Mexico,35,Uno Card Game,Games,14,10,NORMAL,111.86
1296,38,Maven Toys Chihuahua 2,Chihuahua,1,Action Figure,Toys,21,10,NORMAL,335.79
1297,38,Maven Toys Chihuahua 2,Chihuahua,2,Animal Figures,Toys,34,10,NORMAL,441.66
1298,38,Maven Toys Chihuahua 2,Chihuahua,3,Barrel O' Slime,Art & Crafts,54,10,NORMAL,215.46
1299,38,Maven Toys Chihuahua 2,Chihuahua,4,Chutes & Ladders,Games,15,10,NORMAL,194.85
1300,38,Maven Toys Chihuahua 2,Chihuahua,5,Classic Dominoes,Games,20,10,NORMAL,199.8
1301,38,Maven Toys Chihuahua 2,Chihuahua,6,Colorbuds,Electronics,54,10,NORMAL,809.46
1302,38,Maven Toys Chihuahua 2,Chihuahua,7,Dart Gun,Sports & Outdoors,84,10,NORMAL,1343.16
1303,38,Maven Toys Chihuahua 2,Chihuahua,8,Deck Of Cards,Games,94,10,NORMAL,657.06
1304,38,Maven Toys Chihuahua 2,Chihuahua,9,Dino Egg,Toys,6,10,LOW STOCK,65.94
1305,38,Maven Toys Chihuahua 2,Chihuahua,10,Dinosaur Figures,Toys,68,10,NORMAL,1019.32
1306,38,Maven Toys Chihuahua 2,Chihuahua,11,Etch A Sketch,Art & Crafts,2,10,LOW STOCK,41.98
1307,38,Maven Toys Chihuahua 2,Chihuahua,12,Foam Disk Launcher,Sports & Outdoors,0,10,OUT OF STOCK,0
1308,38,Maven Toys Chihuahua 2,Chihuahua,13,Gamer Headphones,Electronics,21,10,NORMAL,440.79
1309,38,Maven Toys Chihuahua 2,Chihuahua,14,Glass Marbles,Games,7,10,LOW STOCK,76.93
1310,38,Maven Toys Chihuahua 2,Chihuahua,15,Hot Wheels 5-Pack,Toys,5,10,LOW STOCK,29.95
1311,38,Maven Toys Chihuahua 2,Chihuahua,16,Jenga,Games,6,10,LOW STOCK,59.94
1312,38,Maven Toys Chihuahua 2,Chihuahua,17,Kids Makeup Kit,Art & Crafts,24,10,NORMAL,479.76
1313,38,Maven Toys Chihuahua 2,Chihuahua,18,Lego Bricks,Toys,10,10,NORMAL,399.9
1314,38,Maven Toys Chihuahua 2,Chihuahua,19,Magic Sand,Art & Crafts,7,10,LOW STOCK,111.93
1315,38,Maven Toys Chihuahua 2,Chihuahua,20,Mini Basketball Hoop,Sports & Outdoors,11,10,NORMAL,274.89
1316,38,Maven Toys Chihuahua 2,Chihuahua,21,Mini Ping Pong Set,Sports & Outdoors,63,10,NORMAL,629.37
1317,38,Maven Toys Chihuahua 2,Chihuahua,22,Monopoly,Games,8,10,LOW STOCK,159.92
1318,38,Maven Toys Chihuahua 2,Chihuahua,23,Mr. Potatohead,Toys,27,10,NORMAL,269.73
1319,38,Maven Toys Chihuahua 2,Chihuahua,24,Nerf Gun,Sports & Outdoors,11,10,NORMAL,219.89
1320,38,Maven Toys Chihuahua 2,Chihuahua,25,PlayDoh Can,Art & Crafts,57,10,NORMAL,170.43
1321,38,Maven Toys Chihuahua 2,Chihuahua,26,PlayDoh Playset,Art & Crafts,17,10,NORMAL,424.83
1322,38,Maven Toys Chihuahua 2,Chihuahua,27,PlayDoh Toolkit,Art & Crafts,24,10,NORMAL,119.76
1323,38,Maven Toys Chihuahua 2,Chihuahua,28,Playfoam,Art & Crafts,26,10,NORMAL,285.74
1324,38,Maven Toys Chihuahua 2,Chihuahua,29,Plush Pony,Toys,25,10,NORMAL,499.75
1325,38,Maven Toys Chihuahua 2,Chihuahua,30,Rubik's Cube,Games,7,10,LOW STOCK,139.93
1326,38,Maven Toys Chihuahua 2,Chihuahua,31,Splash Balls,Sports & Outdoors,17,10,NORMAL,152.83
1327,38,Maven Toys Chihuahua 2,Chihuahua,32,Supersoaker Water Gun,Sports & Outdoors,20,10,NORMAL,299.8
1328,38,Maven Toys Chihuahua 2,Chihuahua,33,Teddy Bear,Toys,9,10,LOW STOCK,116.91
1329,38,Maven Toys Chihuahua 2,Chihuahua,34,Toy Robot,Electronics,18,10,NORMAL,467.82
1330,38,Maven Toys Chihuahua 2,Chihuahua,35,Uno Card Game,Games,2,10,LOW STOCK,15.98
1331,39,Maven Toys Xalapa 2,Xalapa,1,Action Figure,Toys,0,10,OUT OF STOCK,0
1332,39,Maven Toys Xalapa 2,Xalapa,2,Animal Figures,Toys,9,10,LOW STOCK,116.91
1333,39,Maven Toys Xalapa 2,Xalapa,3,Barrel O' Slime,Art & Crafts,13,10,NORMAL,51.87
1334,39,Maven Toys Xalapa 2,Xalapa,4,Chutes & Ladders,Games,0,10,OUT OF STOCK,0
1335,39,Maven Toys Xalapa 2,Xalapa,5,Classic Dominoes,Games,0,10,OUT OF STOCK,0
1336,39,Maven Toys Xalapa 2,Xalapa,6,Colorbuds,Electronics,11,10,NORMAL,164.89
1337,39,Maven Toys Xalapa 2,Xalapa,7,Dart Gun,Sports & Outdoors,21,10,NORMAL,335.79
1338,39,Maven Toys Xalapa 2,Xalapa,8,Deck Of Cards,Games,90,10,NORMAL,629.1
1339,39,Maven Toys Xalapa 2,Xalapa,9,Dino Egg,Toys,6,10,LOW STOCK,65.94
1340,39,Maven Toys Xalapa 2,Xalapa,10,Dinosaur Figures,Toys,49,10,NORMAL,734.51
1341,39,Maven Toys Xalapa 2,Xalapa,11,Etch A Sketch,Art & Crafts,2,10,LOW STOCK,41.98
1342,39,Maven Toys Xalapa 2,Xalapa,12,Foam Disk Launcher,Sports & Outdoors,3,10,LOW STOCK,35.97
1343,39,Maven Toys Xalapa 2,Xalapa,13,Gamer Headphones,Electronics,15,10,NORMAL,314.85
1344,39,Maven Toys Xalapa 2,Xalapa,14,Glass Marbles,Games,12,10,NORMAL,131.88
1345,39,Maven Toys Xalapa 2,Xalapa,15,Hot Wheels 5-Pack,Toys,0,10,OUT OF STOCK,0
1346,39,Maven Toys Xalapa 2,Xalapa,16,Jenga,Games,0,10,OUT OF STOCK,0
1347,39,Maven Toys Xalapa 2,Xalapa,17,Kids Makeup Kit,Art & Crafts,35,10,NORMAL,699.65
1348,39,Maven Toys Xalapa 2,Xalapa,18,Lego Bricks,Toys,22,10,NORMAL,879.78
1349,39,Maven Toys Xalapa 2,Xalapa,19,Magic Sand,Art & Crafts,9,10,LOW STOCK,143.91
1350,39,Maven Toys Xalapa 2,Xalapa,20,Mini Basketball Hoop,Sports & Outdoors,0,10,OUT OF STOCK,0
1351,39,Maven Toys Xalapa 2,Xalapa,21,Mini Ping Pong Set,Sports & Outdoors,5,10,LOW STOCK,49.95
1352,39,Maven Toys Xalapa 2,Xalapa,22,Monopoly,Games,0,10,OUT OF STOCK,0
1353,39,Maven Toys Xalapa 2,Xalapa,23,Mr. Potatohead,Toys,5,10,LOW STOCK,49.95
1354,39,Maven Toys Xalapa 2,Xalapa,24,Nerf Gun,Sports & Outdoors,58,10,NORMAL,1159.42
1355,39,Maven Toys Xalapa 2,Xalapa,25,PlayDoh Can,Art & Crafts,40,10,NORMAL,119.6
1356,39,Maven Toys Xalapa 2,Xalapa,26,PlayDoh Playset,Art & Crafts,8,10,LOW STOCK,199.92
1357,39,Maven Toys Xalapa 2,Xalapa,27,PlayDoh Toolkit,Art & Crafts,16,10,NORMAL,79.84
1358,39,Maven Toys Xalapa 2,Xalapa,28,Playfoam,Art & Crafts,0,10,OUT OF STOCK,0
1359,39,Maven Toys Xalapa 2,Xalapa,29,Plush Pony,Toys,16,10,NORMAL,319.84
1360,39,Maven Toys Xalapa 2,Xalapa,30,Rubik's Cube,Games,19,10,NORMAL,379.81
1361,39,Maven Toys Xalapa 2,Xalapa,31,Splash Balls,Sports & Outdoors,15,10,NORMAL,134.85
1362,39,Maven Toys Xalapa 2,Xalapa,32,Supersoaker Water Gun,Sports & Outdoors,5,10,LOW STOCK,74.95
1363,39,Maven Toys Xalapa 2,Xalapa,33,Teddy Bear,Toys,14,10,NORMAL,181.86
1364,39,Maven Toys Xalapa 2,Xalapa,34,Toy Robot,Electronics,4,10,LOW STOCK,103.96
1365,39,Maven Toys Xalapa 2,Xalapa,35,Uno Card Game,Games,0,10,OUT OF STOCK,0
1366,40,Maven Toys Toluca 2,Toluca,1,Action Figure,Toys,10,10,NORMAL,159.9
1367,40,Maven Toys Toluca 2,Toluca,2,Animal Figures,Toys,29,10,NORMAL,376.71
1368,40,Maven Toys Toluca 2,Toluca,3,Barrel O' Slime,Art & Crafts,9,10,LOW STOCK,35.91
1369,40,Maven Toys Toluca 2,Toluca,4,Chutes & Ladders,Games,0,10,OUT OF STOCK,0
1370,40,Maven Toys Toluca 2,Toluca,5,Classic Dominoes,Games,0,10,OUT OF STOCK,0
1371,40,Maven Toys Toluca 2,Toluca,6,Colorbuds,Electronics,29,10,NORMAL,434.71
1372,40,Maven Toys Toluca 2,Toluca,7,Dart Gun,Sports & Outdoors,4,10,LOW STOCK,63.96
1373,40,Maven Toys Toluca 2,Toluca,8,Deck Of Cards,Games,61,10,NORMAL,426.39
1374,40,Maven Toys Toluca 2,Toluca,9,Dino Egg,Toys,11,10,NORMAL,120.89
1375,40,Maven Toys Toluca 2,Toluca,10,Dinosaur Figures,Toys,66,10,NORMAL,989.34
1376,40,Maven Toys Toluca 2,Toluca,11,Etch A Sketch,Art & Crafts,10,10,NORMAL,209.9
1377,40,Maven Toys Toluca 2,Toluca,12,Foam Disk Launcher,Sports & Outdoors,2,10,LOW STOCK,23.98
1378,40,Maven Toys Toluca 2,Toluca,13,Gamer Headphones,Electronics,2,10,LOW STOCK,41.98
1379,40,Maven Toys Toluca 2,Toluca,14,Glass Marbles,Games,13,10,NORMAL,142.87
1380,40,Maven Toys Toluca 2,Toluca,15,Hot Wheels 5-Pack,Toys,1,10,LOW STOCK,5.99
1381,40,Maven Toys Toluca 2,Toluca,16,Jenga,Games,0,10,OUT OF STOCK,0
1382,40,Maven Toys Toluca 2,Toluca,17,Kids Makeup Kit,Art & Crafts,19,10,NORMAL,379.81
1383,40,Maven Toys Toluca 2,Toluca,18,Lego Bricks,Toys,26,10,NORMAL,1039.74
1384,40,Maven Toys Toluca 2,Toluca,19,Magic Sand,Art & Crafts,23,10,NORMAL,367.77
1385,40,Maven Toys Toluca 2,Toluca,20,Mini Basketball Hoop,Sports & Outdoors,0,10,OUT OF STOCK,0
1386,40,Maven Toys Toluca 2,Toluca,21,Mini Ping Pong Set,Sports & Outdoors,10,10,NORMAL,99.9
1387,40,Maven Toys Toluca 2,Toluca,22,Monopoly,Games,0,10,OUT OF STOCK,0
1388,40,Maven Toys Toluca 2,Toluca,23,Mr. Potatohead,Toys,10,10,NORMAL,99.9
1389,40,Maven Toys Toluca 2,Toluca,24,Nerf Gun,Sports & Outdoors,33,10,NORMAL,659.67
1390,40,Maven Toys Toluca 2,Toluca,25,PlayDoh Can,Art & Crafts,13,10,NORMAL,38.87
1391,40,Maven Toys Toluca 2,Toluca,26,PlayDoh Playset,Art & Crafts,4,10,LOW STOCK,99.96
1392,40,Maven Toys Toluca 2,Toluca,27,PlayDoh Toolkit,Art & Crafts,25,10,NORMAL,124.75
1393,40,Maven Toys Toluca 2,Toluca,28,Playfoam,Art & Crafts,0,10,OUT OF STOCK,0
1394,40,Maven Toys Toluca 2,Toluca,29,Plush Pony,Toys,1,10,LOW STOCK,19.99
1395,40,Maven Toys Toluca 2,Toluca,30,Rubik's Cube,Games,28,10,NORMAL,559.72
1396,40,Maven Toys Toluca 2,Toluca,31,Splash Balls,Sports & Outdoors,5,10,LOW STOCK,44.95
1397,40,Maven Toys Toluca 2,Toluca,32,Supersoaker Water Gun,Sports & Outdoors,7,10,LOW STOCK,104.93
1398,40,Maven Toys Toluca 2,Toluca,33,Teddy Bear,Toys,16,10,NORMAL,207.84
1399,40,Maven Toys Toluca 2,Toluca,34,Toy Robot,Electronics,5,10,LOW STOCK,129.95
1400,40,Maven Toys Toluca 2,Toluca,35,Uno Card Game,Games,0,10,OUT OF STOCK,0
1401,41,Maven Toys Hermosillo 2,Hermosillo,1,Action Figure,Toys,21,10,NORMAL,335.79
1402,41,Maven Toys Hermosillo 2,Hermosillo,2,Animal Figures,Toys,19,10,NORMAL,246.81
1403,41,Maven Toys Hermosillo 2,Hermosillo,3,Barrel O' Slime,Art & Crafts,63,10,NORMAL,251.37
1404,41,Maven Toys Hermosillo 2,Hermosillo,4,Chutes & Ladders,Games,0,10,OUT OF STOCK,0
1405,41,Maven Toys Hermosillo 2,Hermosillo,5,Classic Dominoes,Games,8,10,LOW STOCK,79.92
1406,41,Maven Toys Hermosillo 2,Hermosillo,6,Colorbuds,Electronics,7,10,LOW STOCK,104.93
1407,41,Maven Toys Hermosillo 2,Hermosillo,7,Dart Gun,Sports & Outdoors,14,10,NORMAL,223.86
1408,41,Maven Toys Hermosillo 2,Hermosillo,8,Deck Of Cards,Games,32,10,NORMAL,223.68
1409,41,Maven Toys Hermosillo 2,Hermosillo,9,Dino Egg,Toys,18,10,NORMAL,197.82
1410,41,Maven Toys Hermosillo 2,Hermosillo,10,Dinosaur Figures,Toys,94,10,NORMAL,1409.06
1411,41,Maven Toys Hermosillo 2,Hermosillo,11,Etch A Sketch,Art & Crafts,0,10,OUT OF STOCK,0
1412,41,Maven Toys Hermosillo 2,Hermosillo,12,Foam Disk Launcher,Sports & Outdoors,19,10,NORMAL,227.81
1413,41,Maven Toys Hermosillo 2,Hermosillo,13,Gamer Headphones,Electronics,6,10,LOW STOCK,125.94
1414,41,Maven Toys Hermosillo 2,Hermosillo,14,Glass Marbles,Games,6,10,LOW STOCK,65.94
1415,41,Maven Toys Hermosillo 2,Hermosillo,15,Hot Wheels 5-Pack,Toys,6,10,LOW STOCK,35.94
1416,41,Maven Toys Hermosillo 2,Hermosillo,16,Jenga,Games,17,10,NORMAL,169.83
1417,41,Maven Toys Hermosillo 2,Hermosillo,17,Kids Makeup Kit,Art & Crafts,3,10,LOW STOCK,59.97
1418,41,Maven Toys Hermosillo 2,Hermosillo,18,Lego Bricks,Toys,9,10,LOW STOCK,359.91
1419,41,Maven Toys Hermosillo 2,Hermosillo,19,Magic Sand,Art & Crafts,100,10,NORMAL,1599
1420,41,Maven Toys Hermosillo 2,Hermosillo,20,Mini Basketball Hoop,Sports & Outdoors,17,10,NORMAL,424.83
1421,41,Maven Toys Hermosillo 2,Hermosillo,21,Mini Ping Pong Set,Sports & Outdoors,29,10,NORMAL,289.71
1422,41,Maven Toys Hermosillo 2,Hermosillo,22,Monopoly,Games,9,10,LOW STOCK,179.91
1423,41,Maven Toys Hermosillo 2,Hermosillo,23,Mr. Potatohead,Toys,19,10,NORMAL,189.81
1424,41,Maven Toys Hermosillo 2,Hermosillo,24,Nerf Gun,Sports & Outdoors,4,10,LOW STOCK,79.96
1425,41,Maven Toys Hermosillo 2,Hermosillo,25,PlayDoh Can,Art & Crafts,19,10,NORMAL,56.81
1426,41,Maven Toys Hermosillo 2,Hermosillo,26,PlayDoh Playset,Art & Crafts,2,10,LOW STOCK,49.98
1427,41,Maven Toys Hermosillo 2,Hermosillo,27,PlayDoh Toolkit,Art & Crafts,25,10,NORMAL,124.75
1428,41,Maven Toys Hermosillo 2,Hermosillo,28,Playfoam,Art & Crafts,0,10,OUT OF STOCK,0
1429,41,Maven Toys Hermosillo 2,Hermosillo,29,Plush Pony,Toys,0,10,OUT OF STOCK,0
1430,41,Maven Toys Hermosillo 2,Hermosillo,30,Rubik's Cube,Games,74,10,NORMAL,1479.26
1431,41,Maven Toys Hermosillo 2,Hermosillo,31,Splash Balls,Sports & Outdoors,18,10,NORMAL,161.82
1432,41,Maven Toys Hermosillo 2,Hermosillo,32,Supersoaker Water Gun,Sports & Outdoors,29,10,NORMAL,434.71
1433,41,Maven Toys Hermosillo 2,Hermosillo,33,Teddy Bear,Toys,13,10,NORMAL,168.87
1434,41,Maven Toys Hermosillo 2,Hermosillo,34,Toy Robot,Electronics,15,10,NORMAL,389.85
1435,41,Maven Toys Hermosillo 2,Hermosillo,35,Uno Card Game,Games,10,10,NORMAL,79.9
1436,42,Maven Toys Hermosillo 3,Hermosillo,1,Action Figure,Toys,8,10,LOW STOCK,127.92
1437,42,Maven Toys Hermosillo 3,Hermosillo,2,Animal Figures,Toys,10,10,NORMAL,129.9
1438,42,Maven Toys Hermosillo 3,Hermosillo,3,Barrel O' Slime,Art & Crafts,32,10,NORMAL,127.68
1439,42,Maven Toys Hermosillo 3,Hermosillo,4,Chutes & Ladders,Games,11,10,NORMAL,142.89
1440,42,Maven Toys Hermosillo 3,Hermosillo,5,Classic Dominoes,Games,12,10,NORMAL,119.88
1441,42,Maven Toys Hermosillo 3,Hermosillo,6,Colorbuds,Electronics,29,10,NORMAL,434.71
1442,42,Maven Toys Hermosillo 3,Hermosillo,7,Dart Gun,Sports & Outdoors,7,10,LOW STOCK,111.93
1443,42,Maven Toys Hermosillo 3,Hermosillo,8,Deck Of Cards,Games,54,10,NORMAL,377.46
1444,42,Maven Toys Hermosillo 3,Hermosillo,9,Dino Egg,Toys,30,10,NORMAL,329.7
1445,42,Maven Toys Hermosillo 3,Hermosillo,10,Dinosaur Figures,Toys,39,10,NORMAL,584.61
1446,42,Maven Toys Hermosillo 3,Hermosillo,11,Etch A Sketch,Art & Crafts,20,10,NORMAL,419.8
1447,42,Maven Toys Hermosillo 3,Hermosillo,12,Foam Disk Launcher,Sports & Outdoors,10,10,NORMAL,119.9
1448,42,Maven Toys Hermosillo 3,Hermosillo,13,Gamer Headphones,Electronics,7,10,LOW STOCK,146.93
1449,42,Maven Toys Hermosillo 3,Hermosillo,14,Glass Marbles,Games,13,10,NORMAL,142.87
1450,42,Maven Toys Hermosillo 3,Hermosillo,15,Hot Wheels 5-Pack,Toys,3,10,LOW STOCK,17.97
1451,42,Maven Toys Hermosillo 3,Hermosillo,16,Jenga,Games,0,10,OUT OF STOCK,0
1452,42,Maven Toys Hermosillo 3,Hermosillo,17,Kids Makeup Kit,Art & Crafts,11,10,NORMAL,219.89
1453,42,Maven Toys Hermosillo 3,Hermosillo,18,Lego Bricks,Toys,21,10,NORMAL,839.79
1454,42,Maven Toys Hermosillo 3,Hermosillo,19,Magic Sand,Art & Crafts,44,10,NORMAL,703.56
1455,42,Maven Toys Hermosillo 3,Hermosillo,20,Mini Basketball Hoop,Sports & Outdoors,8,10,LOW STOCK,199.92
1456,42,Maven Toys Hermosillo 3,Hermosillo,21,Mini Ping Pong Set,Sports & Outdoors,69,10,NORMAL,689.31
1457,42,Maven Toys Hermosillo 3,Hermosillo,22,Monopoly,Games,7,10,LOW STOCK,139.93
1458,42,Maven Toys Hermosillo 3,Hermosillo,23,Mr. Potatohead,Toys,31,10,NORMAL,309.69
1459,42,Maven Toys Hermosillo 3,Hermosillo,24,Nerf Gun,Sports & Outdoors,69,10,NORMAL,1379.31
1460,42,Maven Toys Hermosillo 3,Hermosillo,25,PlayDoh Can,Art & Crafts,46,10,NORMAL,137.54
1461,42,Maven Toys Hermosillo 3,Hermosillo,26,PlayDoh Playset,Art & Crafts,18,10,NORMAL,449.82
1462,42,Maven Toys Hermosillo 3,Hermosillo,27,PlayDoh Toolkit,Art & Crafts,23,10,NORMAL,114.77
1463,42,Maven Toys Hermosillo 3,Hermosillo,28,Playfoam,Art & Crafts,0,10,OUT OF STOCK,0
1464,42,Maven Toys Hermosillo 3,Hermosillo,29,Plush Pony,Toys,35,10,NORMAL,699.65
1465,42,Maven Toys Hermosillo 3,Hermosillo,30,Rubik's Cube,Games,9,10,LOW STOCK,179.91
1466,42,Maven Toys Hermosillo 3,Hermosillo,31,Splash Balls,Sports & Outdoors,11,10,NORMAL,98.89
1467,42,Maven Toys Hermosillo 3,Hermosillo,32,Supersoaker Water Gun,Sports & Outdoors,4,10,LOW STOCK,59.96
1468,42,Maven Toys Hermosillo 3,Hermosillo,33,Teddy Bear,Toys,18,10,NORMAL,233.82
1469,42,Maven Toys Hermosillo 3,Hermosillo,34,Toy Robot,Electronics,34,10,NORMAL,883.66
1470,42,Maven Toys Hermosillo 3,Hermosillo,35,Uno Card Game,Games,13,10,NORMAL,103.87
1471,43,Maven Toys Durango 1,Durango,1,Action Figure,Toys,24,10,NORMAL,383.76
1472,43,Maven Toys Durango 1,Durango,2,Animal Figures,Toys,8,10,LOW STOCK,103.92
1473,43,Maven Toys Durango 1,Durango,3,Barrel O' Slime,Art & Crafts,20,10,NORMAL,79.8
1474,43,Maven Toys Durango 1,Durango,4,Chutes & Ladders,Games,0,10,OUT OF STOCK,0
1475,43,Maven Toys Durango 1,Durango,5,Classic Dominoes,Games,0,10,OUT OF STOCK,0
1476,43,Maven Toys Durango 1,Durango,6,Colorbuds,Electronics,18,10,NORMAL,269.82
1477,43,Maven Toys Durango 1,Durango,7,Dart Gun,Sports & Outdoors,25,10,NORMAL,399.75
1478,43,Maven Toys Durango 1,Durango,8,Deck Of Cards,Games,71,10,NORMAL,496.29
1479,43,Maven Toys Durango 1,Durango,9,Dino Egg,Toys,4,10,LOW STOCK,43.96
1480,43,Maven Toys Durango 1,Durango,10,Dinosaur Figures,Toys,49,10,NORMAL,734.51
1481,43,Maven Toys Durango 1,Durango,11,Etch A Sketch,Art & Crafts,3,10,LOW STOCK,62.97
1482,43,Maven Toys Durango 1,Durango,12,Foam Disk Launcher,Sports & Outdoors,3,10,LOW STOCK,35.97
1483,43,Maven Toys Durango 1,Durango,13,Gamer Headphones,Electronics,12,10,NORMAL,251.88
1484,43,Maven Toys Durango 1,Durango,14,Glass Marbles,Games,16,10,NORMAL,175.84
1485,43,Maven Toys Durango 1,Durango,15,Hot Wheels 5-Pack,Toys,10,10,NORMAL,59.9
1486,43,Maven Toys Durango 1,Durango,16,Jenga,Games,0,10,OUT OF STOCK,0
1487,43,Maven Toys Durango 1,Durango,17,Kids Makeup Kit,Art & Crafts,18,10,NORMAL,359.82
1488,43,Maven Toys Durango 1,Durango,18,Lego Bricks,Toys,16,10,NORMAL,639.84
1489,43,Maven Toys Durango 1,Durango,19,Magic Sand,Art & Crafts,17,10,NORMAL,271.83
1490,43,Maven Toys Durango 1,Durango,20,Mini Basketball Hoop,Sports & Outdoors,0,10,OUT OF STOCK,0
1491,43,Maven Toys Durango 1,Durango,21,Mini Ping Pong Set,Sports & Outdoors,9,10,LOW STOCK,89.91
1492,43,Maven Toys Durango 1,Durango,22,Monopoly,Games,0,10,OUT OF STOCK,0
1493,43,Maven Toys Durango 1,Durango,23,Mr. Potatohead,Toys,2,10,LOW STOCK,19.98
1494,43,Maven Toys Durango 1,Durango,24,Nerf Gun,Sports & Outdoors,16,10,NORMAL,319.84
1495,43,Maven Toys Durango 1,Durango,25,PlayDoh Can,Art & Crafts,55,10,NORMAL,164.45
1496,43,Maven Toys Durango 1,Durango,26,PlayDoh Playset,Art & Crafts,6,10,LOW STOCK,149.94
1497,43,Maven Toys Durango 1,Durango,27,PlayDoh Toolkit,Art & Crafts,29,10,NORMAL,144.71
1498,43,Maven Toys Durango 1,Durango,28,Playfoam,Art & Crafts,4,10,LOW STOCK,43.96
1499,43,Maven Toys Durango 1,Durango,29,Plush Pony,Toys,9,10,LOW STOCK,179.91
1500,43,Maven Toys Durango 1,Durango,30,Rubik's Cube,Games,14,10,NORMAL,279.86
1501,43,Maven Toys Durango 1,Durango,31,Splash Balls,Sports & Outdoors,18,10,NORMAL,161.82
1502,43,Maven Toys Durango 1,Durango,32,Supersoaker Water Gun,Sports & Outdoors,38,10,NORMAL,569.62
1503,43,Maven Toys Durango 1,Durango,33,Teddy Bear,Toys,5,10,LOW STOCK,64.95
1504,43,Maven Toys Durango 1,Durango,34,Toy Robot,Electronics,7,10,LOW STOCK,181.93
1505,43,Maven Toys Durango 1,Durango,35,Uno Card Game,Games,0,10,OUT OF STOCK,0
1506,44,Maven Toys Puebla 3,Puebla,1,Action Figure,Toys,0,10,OUT OF STOCK,0
1507,44,Maven Toys Puebla 3,Puebla,2,Animal Figures,Toys,4,10,LOW STOCK,51.96
1508,44,Maven Toys Puebla 3,Puebla,3,Barrel O' Slime,Art & Crafts,19,10,NORMAL,75.81
1509,44,Maven Toys Puebla 3,Puebla,4,Chutes & Ladders,Games,0,10,OUT OF STOCK,0
1510,44,Maven Toys Puebla 3,Puebla,5,Classic Dominoes,Games,14,10,NORMAL,139.86
1511,44,Maven Toys Puebla 3,Puebla,6,Colorbuds,Electronics,2,10,LOW STOCK,29.98
1512,44,Maven Toys Puebla 3,Puebla,7,Dart Gun,Sports & Outdoors,17,10,NORMAL,271.83
1513,44,Maven Toys Puebla 3,Puebla,8,Deck Of Cards,Games,33,10,NORMAL,230.67
1514,44,Maven Toys Puebla 3,Puebla,9,Dino Egg,Toys,0,10,OUT OF STOCK,0
1515,44,Maven Toys Puebla 3,Puebla,10,Dinosaur Figures,Toys,41,10,NORMAL,614.59
1516,44,Maven Toys Puebla 3,Puebla,11,Etch A Sketch,Art & Crafts,0,10,OUT OF STOCK,0
1517,44,Maven Toys Puebla 3,Puebla,12,Foam Disk Launcher,Sports & Outdoors,0,10,OUT OF STOCK,0
1518,44,Maven Toys Puebla 3,Puebla,13,Gamer Headphones,Electronics,0,10,OUT OF STOCK,0
1519,44,Maven Toys Puebla 3,Puebla,14,Glass Marbles,Games,7,10,LOW STOCK,76.93
1520,44,Maven Toys Puebla 3,Puebla,15,Hot Wheels 5-Pack,Toys,4,10,LOW STOCK,23.96
1521,44,Maven Toys Puebla 3,Puebla,16,Jenga,Games,3,10,LOW STOCK,29.97
1522,44,Maven Toys Puebla 3,Puebla,17,Kids Makeup Kit,Art & Crafts,10,10,NORMAL,199.9
1523,44,Maven Toys Puebla 3,Puebla,18,Lego Bricks,Toys,117,10,NORMAL,4678.83
1524,44,Maven Toys Puebla 3,Puebla,19,Magic Sand,Art & Crafts,0,10,OUT OF STOCK,0
1525,44,Maven Toys Puebla 3,Puebla,20,Mini Basketball Hoop,Sports & Outdoors,0,10,OUT OF STOCK,0
1526,44,Maven Toys Puebla 3,Puebla,21,Mini Ping Pong Set,Sports & Outdoors,0,10,OUT OF STOCK,0
1527,44,Maven Toys Puebla 3,Puebla,22,Monopoly,Games,0,10,OUT OF STOCK,0
1528,44,Maven Toys Puebla 3,Puebla,23,Mr. Potatohead,Toys,0,10,OUT OF STOCK,0
1529,44,Maven Toys Puebla 3,Puebla,24,Nerf Gun,Sports & Outdoors,6,10,LOW STOCK,119.94
1530,44,Maven Toys Puebla 3,Puebla,25,PlayDoh Can,Art & Crafts,26,10,NORMAL,77.74
1531,44,Maven Toys Puebla 3,Puebla,26,PlayDoh Playset,Art & Crafts,0,10,OUT OF STOCK,0
1532,44,Maven Toys Puebla 3,Puebla,27,PlayDoh Toolkit,Art & Crafts,24,10,NORMAL,119.76
1533,44,Maven Toys Puebla 3,Puebla,28,Playfoam,Art & Crafts,0,10,OUT OF STOCK,0
1534,44,Maven Toys Puebla 3,Puebla,29,Plush Pony,Toys,0,10,OUT OF STOCK,0
1535,44,Maven Toys Puebla 3,Puebla,30,Rubik's Cube,Games,26,10,NORMAL,519.74
1536,44,Maven Toys Puebla 3,Puebla,31,Splash Balls,Sports & Outdoors,8,10,LOW STOCK,71.92
1537,44,Maven Toys Puebla 3,Puebla,32,Supersoaker Water Gun,Sports & Outdoors,29,10,NORMAL,434.71
1538,44,Maven Toys Puebla 3,Puebla,33,Teddy Bear,Toys,0,10,OUT OF STOCK,0
1539,44,Maven Toys Puebla 3,Puebla,34,Toy Robot,Electronics,22,10,NORMAL,571.78
1540,44,Maven Toys Puebla 3,Puebla,35,Uno Card Game,Games,0,10,OUT OF STOCK,0
1541,45,Maven Toys Ciudad de Mexico 4,Cuidad de Mexico,1,Action Figure,Toys,26,10,NORMAL,415.74
1542,45,Maven Toys Ciudad de Mexico 4,Cuidad de Mexico,2,Animal Figures,Toys,23,10,NORMAL,298.77
1543,45,Maven Toys Ciudad de Mexico 4,Cuidad de Mexico,3,Barrel O' Slime,Art & Crafts,63,10,NORMAL,251.37
1544,45,Maven Toys Ciudad de Mexico 4,Cuidad de Mexico,4,Chutes & Ladders,Games,0,10,OUT OF STOCK,0
1545,45,Maven Toys Ciudad de Mexico 4,Cuidad de Mexico,5,Classic Dominoes,Games,0,10,OUT OF STOCK,0
1546,45,Maven Toys Ciudad de Mexico 4,Cuidad de Mexico,6,Colorbuds,Electronics,8,10,LOW STOCK,119.92
1547,45,Maven Toys Ciudad de Mexico 4,Cuidad de Mexico,7,Dart Gun,Sports & Outdoors,15,10,NORMAL,239.85
1548,45,Maven Toys Ciudad de Mexico 4,Cuidad de Mexico,8,Deck Of Cards,Games,8,10,LOW STOCK,55.92
1549,45,Maven Toys Ciudad de Mexico 4,Cuidad de Mexico,9,Dino Egg,Toys,0,10,OUT OF STOCK,0
1550,45,Maven Toys Ciudad de Mexico 4,Cuidad de Mexico,10,Dinosaur Figures,Toys,42,10,NORMAL,629.58
1551,45,Maven Toys Ciudad de Mexico 4,Cuidad de Mexico,11,Etch A Sketch,Art & Crafts,10,10,NORMAL,209.9
1552,45,Maven Toys Ciudad de Mexico 4,Cuidad de Mexico,12,Foam Disk Launcher,Sports & Outdoors,8,10,LOW STOCK,95.92
1553,45,Maven Toys Ciudad de Mexico 4,Cuidad de Mexico,13,Gamer Headphones,Electronics,15,10,NORMAL,314.85
1554,45,Maven Toys Ciudad de Mexico 4,Cuidad de Mexico,14,Glass Marbles,Games,18,10,NORMAL,197.82
1555,45,Maven Toys Ciudad de Mexico 4,Cuidad de Mexico,15,Hot Wheels 5-Pack,Toys,19,10,NORMAL,113.81
1556,45,Maven Toys Ciudad de Mexico 4,Cuidad de Mexico,16,Jenga,Games,0,10,OUT OF STOCK,0
1557,45,Maven Toys Ciudad de Mexico 4,Cuidad de Mexico,17,Kids Makeup Kit,Art & Crafts,4,10,LOW STOCK,79.96
1558,45,Maven Toys Ciudad de Mexico 4,Cuidad de Mexico,18,Lego Bricks,Toys,14,10,NORMAL,559.86
1559,45,Maven Toys Ciudad de Mexico 4,Cuidad de Mexico,19,Magic Sand,Art & Crafts,75,10,NORMAL,1199.25
1560,45,Maven Toys Ciudad de Mexico 4,Cuidad de Mexico,20,Mini Basketball Hoop,Sports & Outdoors,0,10,OUT OF STOCK,0
1561,45,Maven Toys Ciudad de Mexico 4,Cuidad de Mexico,21,Mini Ping Pong Set,Sports & Outdoors,14,10,NORMAL,139.86
1562,45,Maven Toys Ciudad de Mexico 4,Cuidad de Mexico,22,Monopoly,Games,0,10,OUT OF STOCK,0
1563,45,Maven Toys Ciudad de Mexico 4,Cuidad de Mexico,23,Mr. Potatohead,Toys,16,10,NORMAL,159.84
1564,45,Maven Toys Ciudad de Mexico 4,Cuidad de Mexico,24,Nerf Gun,Sports & Outdoors,26,10,NORMAL,519.74
1565,45,Maven Toys Ciudad de Mexico 4,Cuidad de Mexico,25,PlayDoh Can,Art & Crafts,57,10,NORMAL,170.43
1566,45,Maven Toys Ciudad de Mexico 4,Cuidad de Mexico,26,PlayDoh Playset,Art & Crafts,14,10,NORMAL,349.86
1567,45,Maven Toys Ciudad de Mexico 4,Cuidad de Mexico,27,PlayDoh Toolkit,Art & Crafts,14,10,NORMAL,69.86
1568,45,Maven Toys Ciudad de Mexico 4,Cuidad de Mexico,28,Playfoam,Art & Crafts,0,10,OUT OF STOCK,0
1569,45,Maven Toys Ciudad de Mexico 4,Cuidad de Mexico,29,Plush Pony,Toys,4,10,LOW STOCK,79.96
1570,45,Maven Toys Ciudad de Mexico 4,Cuidad de Mexico,30,Rubik's Cube,Games,36,10,NORMAL,719.64
1571,45,Maven Toys Ciudad de Mexico 4,Cuidad de Mexico,31,Splash Balls,Sports & Outdoors,6,10,LOW STOCK,53.94
1572,45,Maven Toys Ciudad de Mexico 4,Cuidad de Mexico,32,Supersoaker Water Gun,Sports & Outdoors,6,10,LOW STOCK,89.94
1573,45,Maven Toys Ciudad de Mexico 4,Cuidad de Mexico,33,Teddy Bear,Toys,7,10,LOW STOCK,90.93
1574,45,Maven Toys Ciudad de Mexico 4,Cuidad de Mexico,34,Toy Robot,Electronics,3,10,LOW STOCK,77.97
1575,45,Maven Toys Ciudad de Mexico 4,Cuidad de Mexico,35,Uno Card Game,Games,0,10,OUT OF STOCK,0
1576,46,Maven Toys Guadalajara 4,Guadalajara,1,Action Figure,Toys,11,10,NORMAL,175.89
1577,46,Maven Toys Guadalajara 4,Guadalajara,2,Animal Figures,Toys,3,10,LOW STOCK,38.97
1578,46,Maven Toys Guadalajara 4,Guadalajara,3,Barrel O' Slime,Art & Crafts,24,10,NORMAL,95.76
1579,46,Maven Toys Guadalajara 4,Guadalajara,4,Chutes & Ladders,Games,0,10,OUT OF STOCK,0
1580,46,Maven Toys Guadalajara 4,Guadalajara,5,Classic Dominoes,Games,0,10,OUT OF STOCK,0
1581,46,Maven Toys Guadalajara 4,Guadalajara,6,Colorbuds,Electronics,65,10,NORMAL,974.35
1582,46,Maven Toys Guadalajara 4,Guadalajara,7,Dart Gun,Sports & Outdoors,15,10,NORMAL,239.85
1583,46,Maven Toys Guadalajara 4,Guadalajara,8,Deck Of Cards,Games,74,10,NORMAL,517.26
1584,46,Maven Toys Guadalajara 4,Guadalajara,9,Dino Egg,Toys,22,10,NORMAL,241.78
1585,46,Maven Toys Guadalajara 4,Guadalajara,10,Dinosaur Figures,Toys,71,10,NORMAL,1064.29
1586,46,Maven Toys Guadalajara 4,Guadalajara,11,Etch A Sketch,Art & Crafts,12,10,NORMAL,251.88
1587,46,Maven Toys Guadalajara 4,Guadalajara,12,Foam Disk Launcher,Sports & Outdoors,13,10,NORMAL,155.87
1588,46,Maven Toys Guadalajara 4,Guadalajara,13,Gamer Headphones,Electronics,6,10,LOW STOCK,125.94
1589,46,Maven Toys Guadalajara 4,Guadalajara,14,Glass Marbles,Games,29,10,NORMAL,318.71
1590,46,Maven Toys Guadalajara 4,Guadalajara,15,Hot Wheels 5-Pack,Toys,6,10,LOW STOCK,35.94
1591,46,Maven Toys Guadalajara 4,Guadalajara,16,Jenga,Games,0,10,OUT OF STOCK,0
1592,46,Maven Toys Guadalajara 4,Guadalajara,17,Kids Makeup Kit,Art & Crafts,40,10,NORMAL,799.6
1593,46,Maven Toys Guadalajara 4,Guadalajara,18,Lego Bricks,Toys,21,10,NORMAL,839.79
1594,46,Maven Toys Guadalajara 4,Guadalajara,19,Magic Sand,Art & Crafts,58,10,NORMAL,927.42
1595,46,Maven Toys Guadalajara 4,Guadalajara,20,Mini Basketball Hoop,Sports & Outdoors,0,10,OUT OF STOCK,0
1596,46,Maven Toys Guadalajara 4,Guadalajara,21,Mini Ping Pong Set,Sports & Outdoors,2,10,LOW STOCK,19.98
1597,46,Maven Toys Guadalajara 4,Guadalajara,22,Monopoly,Games,0,10,OUT OF STOCK,0
1598,46,Maven Toys Guadalajara 4,Guadalajara,23,Mr. Potatohead,Toys,23,10,NORMAL,229.77
1599,46,Maven Toys Guadalajara 4,Guadalajara,24,Nerf Gun,Sports & Outdoors,10,10,NORMAL,199.9
1600,46,Maven Toys Guadalajara 4,Guadalajara,25,PlayDoh Can,Art & Crafts,37,10,NORMAL,110.63
1601,46,Maven Toys Guadalajara 4,Guadalajara,26,PlayDoh Playset,Art & Crafts,14,10,NORMAL,349.86
1602,46,Maven Toys Guadalajara 4,Guadalajara,27,PlayDoh Toolkit,Art & Crafts,25,10,NORMAL,124.75
1603,46,Maven Toys Guadalajara 4,Guadalajara,28,Playfoam,Art & Crafts,1,10,LOW STOCK,10.99
1604,46,Maven Toys Guadalajara 4,Guadalajara,29,Plush Pony,Toys,3,10,LOW STOCK,59.97
1605,46,Maven Toys Guadalajara 4,Guadalajara,30,Rubik's Cube,Games,9,10,LOW STOCK,179.91
1606,46,Maven Toys Guadalajara 4,Guadalajara,31,Splash Balls,Sports & Outdoors,13,10,NORMAL,116.87
1607,46,Maven Toys Guadalajara 4,Guadalajara,32,Supersoaker Water Gun,Sports & Outdoors,8,10,LOW STOCK,119.92
1608,46,Maven Toys Guadalajara 4,Guadalajara,33,Teddy Bear,Toys,11,10,NORMAL,142.89
1609,46,Maven Toys Guadalajara 4,Guadalajara,34,Toy Robot,Electronics,24,10,NORMAL,623.76
1610,46,Maven Toys Guadalajara 4,Guadalajara,35,Uno Card Game,Games,0,10,OUT OF STOCK,0
1611,47,Maven Toys Monterrey 4,Monterrey,1,Action Figure,Toys,11,10,NORMAL,175.89
1612,47,Maven Toys Monterrey 4,Monterrey,2,Animal Figures,Toys,15,10,NORMAL,194.85
1613,47,Maven Toys Monterrey 4,Monterrey,3,Barrel O' Slime,Art & Crafts,74,10,NORMAL,295.26
1614,47,Maven Toys Monterrey 4,Monterrey,4,Chutes & Ladders,Games,0,10,OUT OF STOCK,0
1615,47,Maven Toys Monterrey 4,Monterrey,5,Classic Dominoes,Games,0,10,OUT OF STOCK,0
1616,47,Maven Toys Monterrey 4,Monterrey,6,Colorbuds,Electronics,11,10,NORMAL,164.89
1617,47,Maven Toys Monterrey 4,Monterrey,7,Dart Gun,Sports & Outdoors,4,10,LOW STOCK,63.96
1618,47,Maven Toys Monterrey 4,Monterrey,8,Deck Of Cards,Games,70,10,NORMAL,489.3
1619,47,Maven Toys Monterrey 4,Monterrey,9,Dino Egg,Toys,6,10,LOW STOCK,65.94
1620,47,Maven Toys Monterrey 4,Monterrey,10,Dinosaur Figures,Toys,20,10,NORMAL,299.8
1621,47,Maven Toys Monterrey 4,Monterrey,11,Etch A Sketch,Art & Crafts,10,10,NORMAL,209.9
1622,47,Maven Toys Monterrey 4,Monterrey,12,Foam Disk Launcher,Sports & Outdoors,5,10,LOW STOCK,59.95
1623,47,Maven Toys Monterrey 4,Monterrey,13,Gamer Headphones,Electronics,15,10,NORMAL,314.85
1624,47,Maven Toys Monterrey 4,Monterrey,14,Glass Marbles,Games,11,10,NORMAL,120.89
1625,47,Maven Toys Monterrey 4,Monterrey,15,Hot Wheels 5-Pack,Toys,3,10,LOW STOCK,17.97
1626,47,Maven Toys Monterrey 4,Monterrey,16,Jenga,Games,0,10,OUT OF STOCK,0
1627,47,Maven Toys Monterrey 4,Monterrey,17,Kids Makeup Kit,Art & Crafts,8,10,LOW STOCK,159.92
1628,47,Maven Toys Monterrey 4,Monterrey,18,Lego Bricks,Toys,12,10,NORMAL,479.88
1629,47,Maven Toys Monterrey 4,Monterrey,19,Magic Sand,Art & Crafts,68,10,NORMAL,1087.32
1630,47,Maven Toys Monterrey 4,Monterrey,20,Mini Basketball Hoop,Sports & Outdoors,0,10,OUT OF STOCK,0
1631,47,Maven Toys Monterrey 4,Monterrey,21,Mini Ping Pong Set,Sports & Outdoors,25,10,NORMAL,249.75
1632,47,Maven Toys Monterrey 4,Monterrey,22,Monopoly,Games,0,10,OUT OF STOCK,0
1633,47,Maven Toys Monterrey 4,Monterrey,23,Mr. Potatohead,Toys,29,10,NORMAL,289.71
1634,47,Maven Toys Monterrey 4,Monterrey,24,Nerf Gun,Sports & Outdoors,24,10,NORMAL,479.76
1635,47,Maven Toys Monterrey 4,Monterrey,25,PlayDoh Can,Art & Crafts,14,10,NORMAL,41.86
1636,47,Maven Toys Monterrey 4,Monterrey,26,PlayDoh Playset,Art & Crafts,23,10,NORMAL,574.77
1637,47,Maven Toys Monterrey 4,Monterrey,27,PlayDoh Toolkit,Art & Crafts,36,10,NORMAL,179.64
1638,47,Maven Toys Monterrey 4,Monterrey,28,Playfoam,Art & Crafts,4,10,LOW STOCK,43.96
1639,47,Maven Toys Monterrey 4,Monterrey,29,Plush Pony,Toys,10,10,NORMAL,199.9
1640,47,Maven Toys Monterrey 4,Monterrey,30,Rubik's Cube,Games,36,10,NORMAL,719.64
1641,47,Maven Toys Monterrey 4,Monterrey,31,Splash Balls,Sports & Outdoors,48,10,NORMAL,431.52
1642,47,Maven Toys Monterrey 4,Monterrey,32,Supersoaker Water Gun,Sports & Outdoors,6,10,LOW STOCK,89.94
1643,47,Maven Toys Monterrey 4,Monterrey,33,Teddy Bear,Toys,13,10,NORMAL,168.87
1644,47,Maven Toys Monterrey 4,Monterrey,34,Toy Robot,Electronics,3,10,LOW STOCK,77.97
1645,47,Maven Toys Monterrey 4,Monterrey,35,Uno Card Game,Games,0,10,OUT OF STOCK,0
1646,48,Maven Toys Saltillo 2,Saltillo,1,Action Figure,Toys,3,10,LOW STOCK,47.97
1647,48,Maven Toys Saltillo 2,Saltillo,2,Animal Figures,Toys,23,10,NORMAL,298.77
1648,48,Maven Toys Saltillo 2,Saltillo,3,Barrel O' Slime,Art & Crafts,35,10,NORMAL,139.65
1649,48,Maven Toys Saltillo 2,Saltillo,4,Chutes & Ladders,Games,15,10,NORMAL,194.85
1650,48,Maven Toys Saltillo 2,Saltillo,5,Classic Dominoes,Games,9,10,LOW STOCK,89.91
1651,48,Maven Toys Saltillo 2,Saltillo,6,Colorbuds,Electronics,6,10,LOW STOCK,89.94
1652,48,Maven Toys Saltillo 2,Saltillo,7,Dart Gun,Sports & Outdoors,28,10,NORMAL,447.72
1653,48,Maven Toys Saltillo 2,Saltillo,8,Deck Of Cards,Games,100,10,NORMAL,699
1654,48,Maven Toys Saltillo 2,Saltillo,9,Dino Egg,Toys,13,10,NORMAL,142.87
1655,48,Maven Toys Saltillo 2,Saltillo,10,Dinosaur Figures,Toys,52,10,NORMAL,779.48
1656,48,Maven Toys Saltillo 2,Saltillo,11,Etch A Sketch,Art & Crafts,6,10,LOW STOCK,125.94
1657,48,Maven Toys Saltillo 2,Saltillo,12,Foam Disk Launcher,Sports & Outdoors,1,10,LOW STOCK,11.99
1658,48,Maven Toys Saltillo 2,Saltillo,13,Gamer Headphones,Electronics,56,10,NORMAL,1175.44
1659,48,Maven Toys Saltillo 2,Saltillo,14,Glass Marbles,Games,11,10,NORMAL,120.89
1660,48,Maven Toys Saltillo 2,Saltillo,15,Hot Wheels 5-Pack,Toys,3,10,LOW STOCK,17.97
1661,48,Maven Toys Saltillo 2,Saltillo,16,Jenga,Games,5,10,LOW STOCK,49.95
1662,48,Maven Toys Saltillo 2,Saltillo,17,Kids Makeup Kit,Art & Crafts,9,10,LOW STOCK,179.91
1663,48,Maven Toys Saltillo 2,Saltillo,18,Lego Bricks,Toys,10,10,NORMAL,399.9
1664,48,Maven Toys Saltillo 2,Saltillo,19,Magic Sand,Art & Crafts,59,10,NORMAL,943.41
1665,48,Maven Toys Saltillo 2,Saltillo,20,Mini Basketball Hoop,Sports & Outdoors,10,10,NORMAL,249.9
1666,48,Maven Toys Saltillo 2,Saltillo,21,Mini Ping Pong Set,Sports & Outdoors,8,10,LOW STOCK,79.92
1667,48,Maven Toys Saltillo 2,Saltillo,22,Monopoly,Games,2,10,LOW STOCK,39.98
1668,48,Maven Toys Saltillo 2,Saltillo,23,Mr. Potatohead,Toys,1,10,LOW STOCK,9.99
1669,48,Maven Toys Saltillo 2,Saltillo,24,Nerf Gun,Sports & Outdoors,40,10,NORMAL,799.6
1670,48,Maven Toys Saltillo 2,Saltillo,25,PlayDoh Can,Art & Crafts,23,10,NORMAL,68.77
1671,48,Maven Toys Saltillo 2,Saltillo,26,PlayDoh Playset,Art & Crafts,2,10,LOW STOCK,49.98
1672,48,Maven Toys Saltillo 2,Saltillo,27,PlayDoh Toolkit,Art & Crafts,17,10,NORMAL,84.83
1673,48,Maven Toys Saltillo 2,Saltillo,28,Playfoam,Art & Crafts,1,10,LOW STOCK,10.99
1674,48,Maven Toys Saltillo 2,Saltillo,29,Plush Pony,Toys,20,10,NORMAL,399.8
1675,48,Maven Toys Saltillo 2,Saltillo,30,Rubik's Cube,Games,49,10,NORMAL,979.51
1676,48,Maven Toys Saltillo 2,Saltillo,31,Splash Balls,Sports & Outdoors,41,10,NORMAL,368.59
1677,48,Maven Toys Saltillo 2,Saltillo,32,Supersoaker Water Gun,Sports & Outdoors,7,10,LOW STOCK,104.93
1678,48,Maven Toys Saltillo 2,Saltillo,33,Teddy Bear,Toys,0,10,OUT OF STOCK,0
1679,48,Maven Toys Saltillo 2,Saltillo,34,Toy Robot,Electronics,39,10,NORMAL,1013.61
1680,48,Maven Toys Saltillo 2,Saltillo,35,Uno Card Game,Games,3,10,LOW STOCK,23.97
1681,49,Maven Toys Culiacan 1,Culiacan,1,Action Figure,Toys,30,10,NORMAL,479.7
1682,49,Maven Toys Culiacan 1,Culiacan,2,Animal Figures,Toys,0,10,OUT OF STOCK,0
1683,49,Maven Toys Culiacan 1,Culiacan,3,Barrel O' Slime,Art & Crafts,14,10,NORMAL,55.86
1684,49,Maven Toys Culiacan 1,Culiacan,4,Chutes & Ladders,Games,19,10,NORMAL,246.81
1685,49,Maven Toys Culiacan 1,Culiacan,5,Classic Dominoes,Games,13,10,NORMAL,129.87
1686,49,Maven Toys Culiacan 1,Culiacan,6,Colorbuds,Electronics,23,10,NORMAL,344.77
1687,49,Maven Toys Culiacan 1,Culiacan,7,Dart Gun,Sports & Outdoors,24,10,NORMAL,383.76
1688,49,Maven Toys Culiacan 1,Culiacan,8,Deck Of Cards,Games,77,10,NORMAL,538.23
1689,49,Maven Toys Culiacan 1,Culiacan,9,Dino Egg,Toys,25,10,NORMAL,274.75
1690,49,Maven Toys Culiacan 1,Culiacan,10,Dinosaur Figures,Toys,36,10,NORMAL,539.64
1691,49,Maven Toys Culiacan 1,Culiacan,11,Etch A Sketch,Art & Crafts,18,10,NORMAL,377.82
1692,49,Maven Toys Culiacan 1,Culiacan,12,Foam Disk Launcher,Sports & Outdoors,14,10,NORMAL,167.86
1693,49,Maven Toys Culiacan 1,Culiacan,13,Gamer Headphones,Electronics,18,10,NORMAL,377.82
1694,49,Maven Toys Culiacan 1,Culiacan,14,Glass Marbles,Games,37,10,NORMAL,406.63
1695,49,Maven Toys Culiacan 1,Culiacan,15,Hot Wheels 5-Pack,Toys,0,10,OUT OF STOCK,0
1696,49,Maven Toys Culiacan 1,Culiacan,16,Jenga,Games,1,10,LOW STOCK,9.99
1697,49,Maven Toys Culiacan 1,Culiacan,17,Kids Makeup Kit,Art & Crafts,9,10,LOW STOCK,179.91
1698,49,Maven Toys Culiacan 1,Culiacan,18,Lego Bricks,Toys,36,10,NORMAL,1439.64
1699,49,Maven Toys Culiacan 1,Culiacan,19,Magic Sand,Art & Crafts,48,10,NORMAL,767.52
1700,49,Maven Toys Culiacan 1,Culiacan,20,Mini Basketball Hoop,Sports & Outdoors,13,10,NORMAL,324.87
1701,49,Maven Toys Culiacan 1,Culiacan,21,Mini Ping Pong Set,Sports & Outdoors,37,10,NORMAL,369.63
1702,49,Maven Toys Culiacan 1,Culiacan,22,Monopoly,Games,8,10,LOW STOCK,159.92
1703,49,Maven Toys Culiacan 1,Culiacan,23,Mr. Potatohead,Toys,18,10,NORMAL,179.82
1704,49,Maven Toys Culiacan 1,Culiacan,24,Nerf Gun,Sports & Outdoors,23,10,NORMAL,459.77
1705,49,Maven Toys Culiacan 1,Culiacan,25,PlayDoh Can,Art & Crafts,23,10,NORMAL,68.77
1706,49,Maven Toys Culiacan 1,Culiacan,26,PlayDoh Playset,Art & Crafts,19,10,NORMAL,474.81
1707,49,Maven Toys Culiacan 1,Culiacan,27,PlayDoh Toolkit,Art & Crafts,32,10,NORMAL,159.68
1708,49,Maven Toys Culiacan 1,Culiacan,28,Playfoam,Art & Crafts,10,10,NORMAL,109.9
1709,49,Maven Toys Culiacan 1,Culiacan,29,Plush Pony,Toys,12,10,NORMAL,239.88
1710,49,Maven Toys Culiacan 1,Culiacan,30,Rubik's Cube,Games,3,10,LOW STOCK,59.97
1711,49,Maven Toys Culiacan 1,Culiacan,31,Splash Balls,Sports & Outdoors,51,10,NORMAL,458.49
1712,49,Maven Toys Culiacan 1,Culiacan,32,Supersoaker Water Gun,Sports & Outdoors,11,10,NORMAL,164.89
1713,49,Maven Toys Culiacan 1,Culiacan,33,Teddy Bear,Toys,15,10,NORMAL,194.85
1714,49,Maven Toys Culiacan 1,Culiacan,34,Toy Robot,Electronics,2,10,LOW STOCK,51.98
1715,49,Maven Toys Culiacan 1,Culiacan,35,Uno Card Game,Games,19,10,NORMAL,151.81
1716,50,Maven Toys Guanajuato 3,Guanajuato,1,Action Figure,Toys,18,10,NORMAL,287.82
1717,50,Maven Toys Guanajuato 3,Guanajuato,2,Animal Figures,Toys,49,10,NORMAL,636.51
1718,50,Maven Toys Guanajuato 3,Guanajuato,3,Barrel O' Slime,Art & Crafts,22,10,NORMAL,87.78
1719,50,Maven Toys Guanajuato 3,Guanajuato,4,Chutes & Ladders,Games,16,10,NORMAL,207.84
1720,50,Maven Toys Guanajuato 3,Guanajuato,5,Classic Dominoes,Games,3,10,LOW STOCK,29.97
1721,50,Maven Toys Guanajuato 3,Guanajuato,6,Colorbuds,Electronics,27,10,NORMAL,404.73
1722,50,Maven Toys Guanajuato 3,Guanajuato,7,Dart Gun,Sports & Outdoors,13,10,NORMAL,207.87
1723,50,Maven Toys Guanajuato 3,Guanajuato,8,Deck Of Cards,Games,51,10,NORMAL,356.49
1724,50,Maven Toys Guanajuato 3,Guanajuato,9,Dino Egg,Toys,7,10,LOW STOCK,76.93
1725,50,Maven Toys Guanajuato 3,Guanajuato,10,Dinosaur Figures,Toys,34,10,NORMAL,509.66
1726,50,Maven Toys Guanajuato 3,Guanajuato,11,Etch A Sketch,Art & Crafts,20,10,NORMAL,419.8
1727,50,Maven Toys Guanajuato 3,Guanajuato,12,Foam Disk Launcher,Sports & Outdoors,0,10,OUT OF STOCK,0
1728,50,Maven Toys Guanajuato 3,Guanajuato,13,Gamer Headphones,Electronics,15,10,NORMAL,314.85
1729,50,Maven Toys Guanajuato 3,Guanajuato,14,Glass Marbles,Games,32,10,NORMAL,351.68
1730,50,Maven Toys Guanajuato 3,Guanajuato,15,Hot Wheels 5-Pack,Toys,16,10,NORMAL,95.84
1731,50,Maven Toys Guanajuato 3,Guanajuato,16,Jenga,Games,5,10,LOW STOCK,49.95
1732,50,Maven Toys Guanajuato 3,Guanajuato,17,Kids Makeup Kit,Art & Crafts,6,10,LOW STOCK,119.94
1733,50,Maven Toys Guanajuato 3,Guanajuato,18,Lego Bricks,Toys,51,10,NORMAL,2039.49
1734,50,Maven Toys Guanajuato 3,Guanajuato,19,Magic Sand,Art & Crafts,40,10,NORMAL,639.6
1735,50,Maven Toys Guanajuato 3,Guanajuato,20,Mini Basketball Hoop,Sports & Outdoors,17,10,NORMAL,424.83
1736,50,Maven Toys Guanajuato 3,Guanajuato,21,Mini Ping Pong Set,Sports & Outdoors,36,10,NORMAL,359.64
1737,50,Maven Toys Guanajuato 3,Guanajuato,22,Monopoly,Games,1,10,LOW STOCK,19.99
1738,50,Maven Toys Guanajuato 3,Guanajuato,23,Mr. Potatohead,Toys,23,10,NORMAL,229.77
1739,50,Maven Toys Guanajuato 3,Guanajuato,24,Nerf Gun,Sports & Outdoors,10,10,NORMAL,199.9
1740,50,Maven Toys Guanajuato 3,Guanajuato,25,PlayDoh Can,Art & Crafts,34,10,NORMAL,101.66
1741,50,Maven Toys Guanajuato 3,Guanajuato,26,PlayDoh Playset,Art & Crafts,9,10,LOW STOCK,224.91
1742,50,Maven Toys Guanajuato 3,Guanajuato,27,PlayDoh Toolkit,Art & Crafts,14,10,NORMAL,69.86
1743,50,Maven Toys Guanajuato 3,Guanajuato,28,Playfoam,Art & Crafts,0,10,OUT OF STOCK,0
1744,50,Maven Toys Guanajuato 3,Guanajuato,29,Plush Pony,Toys,15,10,NORMAL,299.85
1745,50,Maven Toys Guanajuato 3,Guanajuato,30,Rubik's Cube,Games,4,10,LOW STOCK,79.96
1746,50,Maven Toys Guanajuato 3,Guanajuato,31,Splash Balls,Sports & Outdoors,18,10,NORMAL,161.82
1747,50,Maven Toys Guanajuato 3,Guanajuato,32,Supersoaker Water Gun,Sports & Outdoors,9,10,LOW STOCK,134.91
1748,50,Maven Toys Guanajuato 3,Guanajuato,33,Teddy Bear,Toys,1,10,LOW STOCK,12.99
1749,50,Maven Toys Guanajuato 3,Guanajuato,34,Toy Robot,Electronics,17,10,NORMAL,441.83
1750,50,Maven Toys Guanajuato 3,Guanajuato,35,Uno Card Game,Games,8,10,LOW STOCK,63.92
